MAGDP2 Gross domestic product (GDP) by metropolitan area 1/,,,,,,,,,,,,,,,,,,
Gross domestic product (GDP) by metropolitan area: All industry total (Millions of current dollars) ,,,,,,,,,,,,,,,,,,
Bureau of Economic Analysis ,,,,,,,,,,,,,,,,,,
Metropolitan Statistical Area,,,,,,,,,,,,,,,,,,
GeoFips,GeoName,2001,2002,2003,2004,2005,2006,2007,2008,2009,2010,2011,2012,2013,2014,2015,2016,2017
998,United States (Metropolitan Portion),9551195.1,9872503.4,10346834.9,11033711,11793460.1,12488192.4,13058074.8,13233095.5,12959750.1,13421681.4,13885695.4,14485166.1,14966839,15628087,16358497.6,16857169.4,17547901.6
10180,"Abilene, TX (Metropolitan Statistical Area)",3638.8,3785.8,4155.1,4490.8,4815.7,5242.4,5625.7,6095.6,5559.1,5815,6039.2,6396.7,6922.5,7436.2,6862.9,6658.7,7288.6
10420,"Akron, OH (Metropolitan Statistical Area)",22243.3,23266.8,24007.8,25779.4,26892.2,27485.4,28460.7,29373.4,28603.5,29218.2,29444.9,30010.7,31308,33445,35124.9,35699.9,36517.9
10500,"Albany, GA (Metropolitan Statistical Area)",4089.3,4168.7,4370.5,4561.7,4770.8,4723,4774.3,4826.1,5031,4976.6,4979.3,5127,5247,5179.5,5133.3,5304.2,5482.4
10540,"Albany, OR (Metropolitan Statistical Area)",2530.5,2664.3,2658,3017.6,3066.3,3346.3,3333.3,3291.6,3219.7,3240.5,3385.2,3530.2,3558.7,3632.3,3804.9,4097.8,4180.2
10580,"Albany-Schenectady-Troy, NY (Metropolitan Statistical Area)",32195,32752.8,34475.9,36321.6,37692.7,39430.4,40150.9,40883.3,42840.9,43861.8,44111.9,45730.6,47093.6,48563.3,51432.8,52861.5,54301.9
10740,"Albuquerque, NM (Metropolitan Statistical Area)",27414.1,27999.3,30792.9,34563.6,35282.8,36118.3,36341.4,37448,37739.5,38114.5,38117.5,38954.6,37897.5,39814.9,41538.7,43480.4,44050.6
10780,"Alexandria, LA (Metropolitan Statistical Area)",3486.7,3758.5,3801.4,4025,4428.1,4665.4,4882.4,4927.1,5076,5225.5,5340.8,5435.2,5485.8,5594.4,5758.9,6020,5991.6
10900,"Allentown-Bethlehem-Easton, PA-NJ (Metropolitan Statistical Area)",25595.1,26728.6,26175.8,27079,29554.4,30929.6,31892.4,32320.2,31992.4,32707.3,33142.4,33995.4,35623.8,39109.4,41647.4,41853.1,43821.3
11020,"Altoona, PA (Metropolitan Statistical Area)",3389.2,3453.6,3611.9,3761.6,3954.5,4142,4241.2,4280.1,4440,4586.9,4706.5,4777.8,4928.1,5093.6,5290.6,5300.5,5439.9
11100,"Amarillo, TX (Metropolitan Statistical Area)",6561.7,6868,7327.7,7730,8160.6,8802,9364.2,10505.1,10433.1,11250.5,11762.8,12024.9,12441.9,12904.3,12967.7,13107.1,13694.5
11180,"Ames, IA (Metropolitan Statistical Area)",2555.7,2598.5,2707.4,2898.1,3018.1,3272.3,3482.8,3921.1,3700.4,3754.8,3938.9,4415.8,4428.7,4599.2,4985.2,4883.8,5244.9
11260,"Anchorage, AK (Metropolitan Statistical Area)",14726.9,15611.1,16955,18992.1,21802.8,23472.4,25528.6,29115.5,26714,28477.4,30290.2,31478.5,31029.9,30204.5,28068.8,27249.4,27962.6
11460,"Ann Arbor, MI (Metropolitan Statistical Area)",16209.7,17286.6,17814.6,17919.5,18530.5,18779.7,19619.3,19258.8,18616.5,19398.1,19445.2,19826,20260.2,20177.2,21715.1,22580.6,23500.3
11500,"Anniston-Oxford-Jacksonville, AL (Metropolitan Statistical Area)",2831.5,2796,2952.5,3259.1,3441,3551,3803,3897.8,3766,3914.4,3865.2,3822.5,3690.2,3730.2,3737.6,3810.8,3937.2
11540,"Appleton, WI (Metropolitan Statistical Area)",7525.5,7733.3,8137.2,8628.4,8997.7,9303.7,9772.4,9632.7,9795.4,10002.5,10394.9,10757.6,10800.7,11374.1,12205.2,12811.4,13119.7
11700,"Asheville, NC (Metropolitan Statistical Area)",10057.5,10584,11096.9,11875.3,12651.5,13497.5,13557.3,13843.2,13720.1,14241.8,14372,14710.4,15279.7,16229.9,17742.1,19088.9,20179
12020,"Athens-Clarke County, GA (Metropolitan Statistical Area)",4848.7,4972.7,5213.8,5505.1,5914.1,6152.6,6477.4,6690.2,6820.5,6865.9,6966.6,7233.9,7364,7684.1,8433.2,9313.1,9947
12060,"Atlanta-Sandy Springs-Roswell, GA (Metropolitan Statistical Area)",213481.5,217842.1,224659.5,235705.4,251756.2,265111.1,279937.7,277881.5,269570.8,272318.3,280676.8,291481.1,307750,326501.7,347603.9,369805.9,385542.3
12100,"Atlantic City-Hammonton, NJ (Metropolitan Statistical Area)",9491.3,9934.2,10682.9,11801.3,12823.9,13545.6,13318.4,13182.9,12385.3,12606.8,12507.4,12653.1,12770.4,12769.7,12543.8,12908.3,13122.1
12220,"Auburn-Opelika, AL (Metropolitan Statistical Area)",2347.8,2486.1,2645.2,3010.2,3221.7,3493.5,3598.6,3759.4,3676.7,3808.7,3974.5,4177.6,4328.2,4602.5,4864.8,5186.2,5484.3
12260,"Augusta-Richmond County, GA-SC (Metropolitan Statistical Area)",14484.4,14732,15545.7,16510.5,17144.1,17575.5,18135.8,18698,19294.4,20145.9,20507.3,21010.1,21155.1,22122.4,23274.4,23850,24395
12420,"Austin-Round Rock, TX (Metropolitan Statistical Area)",55707.3,56343.1,59418.6,63816.2,69929.7,77643.9,81395.8,84545.1,82326.6,88718.1,96399.4,103513,111720.1,119571.7,127804.4,135936.4,148750
12540,"Bakersfield, CA (Metropolitan Statistical Area)",17127.7,18730.5,20166.6,22282.2,24866,27401.8,29969.1,31178.2,29943.5,32833.6,34651.6,36887.8,38009.3,39532.8,36807.4,36282.8,37339.7
12580,"Baltimore-Columbia-Towson, MD (Metropolitan Statistical Area)",101788.6,106800.9,111399,119403.1,129031.9,135888.1,141877.2,144779.4,147570.5,152625.9,158153.8,162776.1,167270.1,173073.2,178894.9,186855.5,192177.7
12620,"Bangor, ME (Metropolitan Statistical Area)",4169.4,4345.7,4381.3,4643.4,4850,5038.6,5131,5195.1,5323.8,5256.4,5282.6,5422.2,5455.1,5562.2,5752.9,5929.2,6099.6
12700,"Barnstable Town, MA (Metropolitan Statistical Area)",7449.8,7946,8479,8735.4,8882.8,8898.3,8818.5,8822.1,8987.4,9255.3,9599.1,10192.9,9963.7,10192.3,10766.3,11152.8,11500.7
12940,"Baton Rouge, LA (Metropolitan Statistical Area)",23855.3,25570.4,28985.7,32649.4,39988.2,40213,40228.6,41580.3,40973,45300.8,49470.9,51670,48361.6,51027.1,51979.6,53357.4,54987.7
12980,"Battle Creek, MI (Metropolitan Statistical Area)",4195.5,4609.5,4681.8,4783.2,4924.5,4852.6,4876.1,4979.8,4944.3,5316.5,5157.7,5350.3,5588.4,5624.3,5860.3,6027,6153.9
13020,"Bay City, MI (Metropolitan Statistical Area)",2593.4,2720.5,2777.4,2765.7,2806.6,2946.1,2939.4,2903.6,2958.3,3027.3,3039.1,3116,3156.7,3093.8,3188.2,3270.5,3251
13140,"Beaumont-Port Arthur, TX (Metropolitan Statistical Area)",11664.6,11765.1,13017.9,15735.6,15933.4,17325.5,19215.3,17818.3,18664.8,21097,21802.8,23333.5,23733.7,24502.6,25053.1,24461.5,25021.6
13220,"Beckley, WV (Metropolitan Statistical Area)",2751.2,2811.1,2734.4,2922.3,3214.2,3448.5,3397,3705.4,3521,3902.6,4664.8,4346.1,4235.7,4224.3,4033.1,3952.6,4477.5
13380,"Bellingham, WA (Metropolitan Statistical Area)",4878.3,5293.1,5848.4,6383,8340.9,7835.1,8213.8,8293.4,8849.2,9714,9520.5,9609.7,10047,9619.3,10223.8,10428.6,11313.9
13460,"Bend-Redmond, OR (Metropolitan Statistical Area)",4232.8,4656.2,4936.5,5113,5680.5,6382,6381,6187.2,5770.5,5762.8,6063.6,6421.1,6882.5,7584.2,8421.4,9548,10149.8
13740,"Billings, MT (Metropolitan Statistical Area)",4374.1,4492.4,5024.3,5528.4,6096.1,6420.4,7539.1,7317.2,6694.8,7345,8530.6,8762.1,8959.5,10035.1,10103.9,9500.4,9672.1
13780,"Binghamton, NY (Metropolitan Statistical Area)",6751.9,6907,6947.1,7187,7578.2,7901.7,8414.9,8630.6,8779.4,8965.4,9007.8,9032.4,9118.5,9094.5,9250.1,9408.1,9626.1
13820,"Birmingham-Hoover, AL (Metropolitan Statistical Area)",38831.2,40960.6,42590.5,45813.9,48328.6,50111.2,52588.7,53167.3,50637.3,52305,54416.7,57609.5,57698.6,58971.9,61259.2,62402.9,64553.2
13900,"Bismarck, ND (Metropolitan Statistical Area)",3145.3,3261.3,3546.4,3756,4035.8,4234.6,4471.9,4735.2,4853.4,5229.2,5642.5,6463.8,6863.2,7680.5,8135,7891.9,7997.5
13980,"Blacksburg-Christiansburg-Radford, VA (Metropolitan Statistical Area)",4290.8,4371,4672.9,4787,5084.1,5319.8,5690.5,5408.6,5421.9,5507.6,5660.2,6271.1,6335.1,6650.9,6991.1,7080.5,7217.9
14010,"Bloomington, IL (Metropolitan Statistical Area)",7202.6,7426.8,7804.9,8383.9,8343.3,9095.8,9314.1,9165.1,9636.3,9998.7,10259.4,10753.1,11248.7,11673.6,12052.9,12445.8,12369.6
14020,"Bloomington, IN (Metropolitan Statistical Area)",4082.5,4383.7,4526,4792.7,5050.3,5435.1,5578.2,5851.8,6231.8,6342.6,6412.5,6384.2,6192.2,6392.5,6651.4,6975.9,7425.3
14100,"Bloomsburg-Berwick, PA (Metropolitan Statistical Area)",2182.8,2332.7,2327.9,2467.2,2556.7,2739.3,2892.8,2962.6,3071.7,3211.6,3334.3,3429.5,3603.6,3594.5,3880,3950.3,4049
14260,"Boise City, ID (Metropolitan Statistical Area)",17208.4,17882.4,18900.6,20328.3,22244.1,24152.8,25224.1,25133.8,24224.8,25019.5,25311.3,26052.4,27715.1,29103.3,30155.1,31811,33604.3
14460,"Boston-Cambridge-Newton, MA-NH (Metropolitan Statistical Area)",239682.7,243400.4,252262.6,265921.2,277995.3,291910.1,310193.2,314505.3,313937.8,328480.5,339856.9,355584.7,364803.6,380768.8,407675.1,419783.3,438683.9
14500,"Boulder, CO (Metropolitan Statistical Area)",15634.8,14040.2,14507.5,15271.9,15894.2,16329.2,17506.6,17775.3,18220.2,19064,19760.4,20668.3,20969.3,22362.8,23508.4,24177.6,25274.1
14540,"Bowling Green, KY (Metropolitan Statistical Area)",3662.8,3869.4,4063,4291.2,4678.4,4953.3,5095.9,5214.4,5001.9,5360.8,5572.7,5955.1,6284.3,6471.8,6758,7042.2,7267.2
14740,"Bremerton-Silverdale, WA (Metropolitan Statistical Area)",6303,7014.2,7486.5,7786.3,8182.4,8536.5,8761.9,9023.5,9335,9533.5,9483.7,9456.1,9448.1,10003.3,10364.2,11008.4,11474.1
14860,"Bridgeport-Stamford-Norwalk, CT (Metropolitan Statistical Area)",62199.9,62606.5,64908.5,68969.7,74407.2,77904.8,86986.1,88721.3,83664.4,85354,85400.7,90440.8,92545.2,95656.3,96895.7,99282.1,98256.4
15180,"Brownsville-Harlingen, TX (Metropolitan Statistical Area)",5546.1,5859.1,6109.5,6392.6,6780.6,7181.2,7464.2,7778.3,8082.9,8510.4,8816.1,9148.9,9365.6,9650.4,9896.7,10103.8,10196.8
15260,"Brunswick, GA (Metropolitan Statistical Area)",2435.8,2587.8,2828.2,3127,3391.7,3645.2,3668.7,3568.3,3530.5,3543.8,3499.8,3435.1,3504.3,3572.4,3805.2,3946.7,4044.7
15380,"Buffalo-Cheektowaga-Niagara Falls, NY (Metropolitan Statistical Area)",35727.7,37988.1,39197.9,40996.6,42408.7,44372.7,45002.7,45638.7,47418.2,49108.2,50507.4,51595.8,52473.8,54409.7,56814.5,58854.9,60014.3
15500,"Burlington, NC (Metropolitan Statistical Area)",3666.7,3826.4,3753.8,3982,4117.4,4332.4,4335.2,4342.6,4199.4,4390.8,4637.9,4912.2,4891.7,4884,4961.5,5252.1,5441.4
15540,"Burlington-South Burlington, VT (Metropolitan Statistical Area)",7750.7,8047.4,8700.3,9157.3,9554,9962.2,10071.9,10289.8,10599,11220.7,11744.1,12203.6,12336.9,12696.2,13141.7,13729.1,14140.2
15680,"California-Lexington Park, MD (Metropolitan Statistical Area)",2984.6,3272,3622.3,3837.3,3947,4263.3,4517.7,4616.3,4928.6,5380.6,5686.2,5706.7,5822.8,5952.1,6151.9,6316.8,6455.8
15940,"Canton-Massillon, OH (Metropolitan Statistical Area)",11324.8,11647.7,11963.6,12535.5,12922.5,12864.9,13182.2,13360.9,12548.6,12995.4,13859.7,14713.3,15987.3,16895.9,16839.7,16175.2,16771.3
15980,"Cape Coral-Fort Myers, FL (Metropolitan Statistical Area)",13442,14751.4,16351,19379.5,21492,23762.6,23600.4,22575.6,22200.6,21595.9,20723.1,21260.8,21857.9,23596.4,25820.5,27055.4,27952.9
16020,"Cape Girardeau, MO-IL (Metropolitan Statistical Area)",2533.8,2664.2,2832.9,3100.5,3276.4,3366.6,3630.7,3508.8,3533,3651.6,3621.7,3736.9,3884.5,4005.1,4186.2,4279.2,4315.1
16060,"Carbondale-Marion, IL (Metropolitan Statistical Area)",2883.3,3074.4,3184.5,3328.8,3533.8,3774.7,3872.9,4060.3,4267.8,4467,4605.9,4954,4781.9,4855.1,4966.8,5094.1,5287.6
16180,"Carson City, NV (Metropolitan Statistical Area)",2218.8,2338.6,2461.7,2609.3,2760.2,2870.4,3133.5,3040.3,3135.3,3276.6,3022.5,3412.8,3218.6,3304.6,3050.7,3297.7,3545
16220,"Casper, WY (Metropolitan Statistical Area)",2591.7,2698.5,3047.6,3476.4,4319.7,5563.3,6046.8,8423.3,5772.9,5928.5,6315.3,6637.6,6754.6,7229.8,6500.8,5721,6293.9
16300,"Cedar Rapids, IA (Metropolitan Statistical Area)",9724.4,9462.8,10277,11214.5,11830.1,11666.5,13154,12806.7,14881,15275.3,15961.6,16185.1,16395.5,16987.6,18139.3,18670.4,18464.3
16540,"Chambersburg-Waynesboro, PA (Metropolitan Statistical Area)",2912.9,3007.7,3252.3,3617.9,3942.6,4189,4336.6,4429.6,4243.7,4388.2,4520.2,4593.6,4948.4,5119.5,5230,5317.8,5545.3
16580,"Champaign-Urbana, IL (Metropolitan Statistical Area)",6617.9,7000.5,7320.5,7634.2,7797.5,8234.6,8641.3,9343.5,9889,10334.2,10422.5,10979.5,11096.2,11333.8,11677.3,11956.9,12177.5
16620,"Charleston, WV (Metropolitan Statistical Area)",8839.2,9123.5,9257.8,9817.8,10491.8,11169.8,11660.8,12390.6,13067.8,13604.9,13961.3,13697.8,13231,12540.7,12731.8,12393.5,12817.1
16700,"Charleston-North Charleston, SC (Metropolitan Statistical Area)",17389.3,18968.3,20491.2,21622.9,23516.8,24884.2,27010.6,27222.3,26924.7,28124.6,30275.3,31555.8,32720.1,34749.8,36979.7,39499.5,42003.8
16740,"Charlotte-Concord-Gastonia, NC-SC (Metropolitan Statistical Area)",81150.1,86696.6,90295.3,95465.2,106755.8,117692.1,117393.6,126620.9,117224.6,117071,125326.2,131934,136399,143367.1,155592.4,165366.7,174029.1
16820,"Charlottesville, VA (Metropolitan Statistical Area)",6320.8,6763.4,7096.7,7664.4,8406.1,8893.2,9265.1,9518.3,9754.3,10201.4,10438.8,10958.4,11115.7,11797.9,12567.5,12915.6,13414.2
16860,"Chattanooga, TN-GA (Metropolitan Statistical Area)",15756.9,16128.2,16748.9,17613.8,18453.4,19668,20617.6,21112.3,20379.1,21129.9,21743.8,22882.9,23143.5,23582,24965.4,25949.1,27071
16940,"Cheyenne, WY (Metropolitan Statistical Area)",2697.6,2878.2,3148.4,3478,3809.6,4411.6,4769.9,5445.6,4576.3,4819.3,5279.8,5357.5,5533.4,5486.8,5675.9,5649.1,5754.4
16980,"Chicago-Naperville-Elgin, IL-IN-WI (Metropolitan Statistical Area)",414434.9,423185.6,436293.3,460632.2,486302,513060.6,534764.5,528040.3,516755.6,529003.7,547625.6,578015.6,585947.7,608805,639032.8,657588.7,679699.1
17020,"Chico, CA (Metropolitan Statistical Area)",4753.9,5068.1,5272,5565.8,5791.2,6000,6276.6,6421.8,6476.3,6583.6,6608.5,6513.1,7048.2,7042.8,7558.3,7882.1,8167.7
17140,"Cincinnati, OH-KY-IN (Metropolitan Statistical Area)",79135.9,82616.6,85024.4,89658.3,95332.3,98234.1,101308.3,102007.5,101954.8,107066.4,111659.3,115419.9,120413.2,123355.7,127587.5,132587.6,138033.6
17300,"Clarksville, TN-KY (Metropolitan Statistical Area)",5514.1,5932.8,6426.3,7122.8,8060,8595.6,8777.1,9119.2,9241.7,9651.1,10494.6,10551.3,10413.2,10459.6,10700.2,10657.2,11026.8
17420,"Cleveland, TN (Metropolitan Statistical Area)",2678.9,2815.2,2824.1,3003.4,3031,3074.7,3072.5,3244.4,3199.6,3464.7,3471.7,3839.4,3911.7,4116,4292.9,4268.3,4343.1
17460,"Cleveland-Elyria, OH (Metropolitan Statistical Area)",86489.4,89270.3,93245,97959.9,101812,104511.7,109142.8,108822.3,103325.3,105545.2,109886.3,114671.2,118335.2,123856.2,128887.2,131727,138980
17660,"Coeur d'Alene, ID (Metropolitan Statistical Area)",2782.9,2956.3,3089.7,3422.9,3857.6,4163.1,4445.8,4434.4,4309.3,4250.4,4437.7,4654.8,4844.6,5040.1,5400.2,5628.1,5931.2
17780,"College Station-Bryan, TX (Metropolitan Statistical Area)",4365.2,4500.8,4886.8,5266.5,5659.7,6066.5,6391.8,6841.7,7431.7,7765,7844.7,8259.9,8723.3,9308.8,9698,9727.2,10197.5
17820,"Colorado Springs, CO (Metropolitan Statistical Area)",18813.7,19686.2,20256.4,21358.1,23010.9,23441.2,24279,24252.9,25381.2,26784.8,27721.4,28396.7,28790.5,28779.2,30077,31114.3,32683.1
17860,"Columbia, MO (Metropolitan Statistical Area)",4820.5,4997.2,5143.6,5387.1,5737.4,6036.8,6115.3,6363.6,6600.6,6915.1,7230.9,7596.3,8128.1,8340.2,8657.8,8992.3,9284.4
17900,"Columbia, SC (Metropolitan Statistical Area)",22043,23025.9,24416.4,26114.3,27355.4,29356.4,30868,31738.1,32184.3,31953.6,32673.6,33369.9,34761.7,36816.2,39312.3,40448.6,40884.4
17980,"Columbus, GA-AL (Metropolitan Statistical Area)",8345.1,8699.8,9262.2,9597.8,9946.5,10324.4,10594,11033.9,11605.3,12146.9,12553.4,13047.4,13369.4,13492.4,13762.2,13474.4,13820.6
18020,"Columbus, IN (Metropolitan Statistical Area)",3006.8,2997.2,3089.7,3373.4,3545.2,3820.9,4131.5,4332.7,3937.4,4295,4511.2,4955.1,5168.6,5415.9,5731.3,5829,6043.8
18140,"Columbus, OH (Metropolitan Statistical Area)",71811.2,74932.6,78328.5,83693.2,87528.7,90731.4,93507.2,94090.9,91882.3,95188.3,101427.6,109267.9,113236.1,118390.5,126020.8,131382.2,136296.3
18580,"Corpus Christi, TX (Metropolitan Statistical Area)",12249.2,12232,13593.4,15775.5,16752.7,17992.3,19684.2,20383.2,18210,19485.4,20818.1,22198.6,24253.9,24268.3,22812.6,21474.8,21547.3
18700,"Corvallis, OR (Metropolitan Statistical Area)",2768.2,3120.2,3461.6,4054.1,3956.6,4443.8,4577.4,5044.9,5280.8,5509.4,5375.4,4787,4413.5,4355.4,4316.3,4487.6,4668.4
18880,"Crestview-Fort Walton Beach-Destin, FL (Metropolitan Statistical Area)",7096.8,8422.8,9087.3,10893.2,11364.4,11612.3,12057,11048.1,10922.1,10756,11016.9,11989.9,11289.2,12297.8,13201.9,13652.1,14404.2
19060,"Cumberland, MD-WV (Metropolitan Statistical Area)",2219,2357.3,2411.6,2434.1,2523.6,2514.6,2454.9,2585.9,2797.3,2895,2945.8,2990.4,3000.9,3049.1,3120.1,3195.4,3285.9
19100,"Dallas-Fort Worth-Arlington, TX (Metropolitan Statistical Area)",261365.6,269330.8,273672.5,287848,310849.2,335925.7,352676.1,370166.8,347522.9,368480.4,392005.3,417064.9,448178.1,475929.3,491878.7,503666.7,535499.4
19140,"Dalton, GA (Metropolitan Statistical Area)",6471.2,6696,6519.5,5602.9,5694.1,5741.2,5768.7,5458.8,5112.5,4957.1,5113.1,5281.3,5489.8,5916.3,6209.5,6608.5,6668.1
19180,"Danville, IL (Metropolitan Statistical Area)",2005.1,2036.8,2209.9,2323.3,2340.4,2460.5,2426.7,2523.4,2557.2,2649,2804,2825.4,2867.6,2844.4,2842.2,2905,2904.4
19300,"Daphne-Fairhope-Foley, AL (Metropolitan Statistical Area)",3377.7,3670.9,3996.3,4424.6,5140.8,5452.2,5701.4,5540.7,5491.9,5400.6,5432.9,5755.1,6442.8,6719,6643.5,7008.3,7322.2
19340,"Davenport-Moline-Rock Island, IA-IL (Metropolitan Statistical Area)",12405.1,12733.8,13420.9,14973.9,15726.1,16355.8,17059.4,17606.6,17472.2,17888.1,18743.6,19621.5,19031,19099,19160.9,19227.9,20020.3
19380,"Dayton, OH (Metropolitan Statistical Area)",29807.1,30919.7,31715.8,33476.1,34244.4,35250.6,35300.3,34615.5,32900.6,33387.8,34891.1,36116.9,36999.3,38409.1,39345.7,40235.6,41110.9
19460,"Decatur, AL (Metropolitan Statistical Area)",3789.7,3783.1,3934.5,4408.3,4464.7,4681.5,4836.5,4933,4846.8,5053,5036.2,5270.7,5365.5,5507,5174.7,5364.9,5466.4
19500,"Decatur, IL (Metropolitan Statistical Area)",4468.1,4386.5,4487.4,4594.9,4846.3,5050.2,5327.5,5632.3,5591.1,5609.3,5801.8,5832.7,5821.9,6156.9,6261.4,6269,6224.4
19660,"Deltona-Daytona Beach-Ormond Beach, FL (Metropolitan Statistical Area)",10153.8,11042.3,12185.2,12781,13466,14420.4,15067.9,14409.9,13679.4,13616.4,13426.4,14209.1,15144.7,15419.6,16176.8,16792.8,17199.4
19740,"Denver-Aurora-Lakewood, CO (Metropolitan Statistical Area)",109730.1,112862.8,116931,122147.4,133706.8,140106.6,145535.7,154163.8,149280.3,154621.5,159961.3,167491.2,173016.1,186345.1,192499.2,197068.3,208868
19780,"Des Moines-West Des Moines, IA (Metropolitan Statistical Area)",23675.9,26432.5,29240.3,32624.8,35478.6,35480.2,39053.8,35603.1,35146.3,36286.5,37998.8,41511.1,42304.1,45299.1,50852.6,54714.1,57151.5
19820,"Detroit-Warren-Dearborn, MI (Metropolitan Statistical Area)",188353.4,193789.4,201747.6,204645.4,212197,208880.8,211832.4,200919.3,185535.3,196966.4,206172.2,215613.6,220276.9,229348.3,242296.1,250430,260611.8
20020,"Dothan, AL (Metropolitan Statistical Area)",3457.2,3749.9,3831.3,4110.1,4354.3,4474.9,4550.8,4465.5,4459,4557.4,4589.2,4738.1,4819.2,4902.7,4986.9,5141.4,5295
20100,"Dover, DE (Metropolitan Statistical Area)",4124.8,4462.4,4726.7,5237.5,5484.1,5780.8,5937.6,5736.7,6366.8,5932,6091.6,6112.2,6314,6642.1,6917.9,7149.5,7337.2
20220,"Dubuque, IA (Metropolitan Statistical Area)",2932.1,3069.3,3206.8,3552.4,3745.1,3896.9,4102,4042.4,4042.4,4360.7,4525.4,5232.3,4979.4,5284.2,5656.3,5858.7,6093.5
20260,"Duluth, MN-WI (Metropolitan Statistical Area)",7443.4,7936.2,8093.8,8534.5,8837.7,9179.9,9431.4,9942,9677.9,11343.7,12236,12113.7,12465.4,12912.8,11692,12890,13317.8
20500,"Durham-Chapel Hill, NC (Metropolitan Statistical Area)",21745.7,23443.3,25111.4,26112.2,28093.7,33078,35457.6,37582.7,39175.1,40192.5,37677.3,37875.3,41803.1,43310.3,43666.6,42777.5,43474.4
20700,"East Stroudsburg, PA (Metropolitan Statistical Area)",3701.2,3959.5,4074.7,4308.3,4535.9,4879.1,5179.1,5457.7,5523.8,5637.7,5505.8,5462.7,5581.2,5551.9,5815.9,6047,6340
20740,"Eau Claire, WI (Metropolitan Statistical Area)",4357,4633.1,4856.3,5157.2,5626,5889.9,6140.7,6042.6,6166.6,6433.9,6654.8,7146.7,7194.1,7556.4,8076.9,8173.8,8535.7
20940,"El Centro, CA (Metropolitan Statistical Area)",3144.1,3609.9,3764.2,3878.6,4014.1,4400,4542.2,5147.2,5036.1,5201.1,5826.1,5611.4,5769.7,5563.2,5918.1,5923.3,6029.3
21060,"Elizabethtown-Fort Knox, KY (Metropolitan Statistical Area)",3435.2,3590.1,3902.3,4083.1,4251.6,4554.1,4518.9,4726,4864.2,5620.4,6100.7,6003.3,5951.3,6012.9,5851.3,6029,6275
21140,"Elkhart-Goshen, IN (Metropolitan Statistical Area)",7584.8,8317,9195.8,9768.9,10163.5,10539.4,10907,9418.9,7566.2,9771.7,9652.1,10916,11784,12991.9,14297.9,15351.3,17132.4
21300,"Elmira, NY (Metropolitan Statistical Area)",2272.8,2291.2,2351.9,2462.6,2637.7,2698.5,2783.9,2944.1,2945.9,3187.2,3283.5,3351.8,3357,3390.8,3411.4,3341.5,3388.2
21340,"El Paso, TX (Metropolitan Statistical Area)",18221.3,18554.1,16967.8,19186.7,20353.1,20836.7,21774.4,21132.6,22146.9,23943.7,25329.9,26479.1,26582.2,26725.3,27867.3,28358.7,29032.6
21420,"Enid, OK (Metropolitan Statistical Area)",1466.2,1524,1673.2,1752.8,1891.4,2076.2,2170.2,2326.7,2340.2,2519.4,2720.7,3006.1,3255.6,3478.7,3446,3180,3078
21500,"Erie, PA (Metropolitan Statistical Area)",7957.6,7923.1,8050.1,8874.1,9314.2,9404.7,9557,9871.2,9596.5,9805.3,10507.3,10467.2,10861.7,10879.5,11154.9,11082,11145.9
21660,"Eugene, OR (Metropolitan Statistical Area)",8937.8,9401.8,9757,10569.7,10860,11654.7,12344.1,12653.3,12036.1,11956.7,12635.4,12918.6,13289,13622.1,14696.3,15231.9,15801.5
21780,"Evansville, IN-KY (Metropolitan Statistical Area)",11668.8,12260.4,12843.3,13411.5,13722.1,14451.2,14862.9,15682.2,15747.6,16661.1,17511.2,17219.7,17080.7,17059.4,17105.4,17382.6,18000.7
21820,"Fairbanks, AK (Metropolitan Statistical Area)",3577.8,3465.7,3794.1,4074.4,4374,4911.6,5220.9,5180.6,4910.9,5091.3,5365.3,5502,5178.5,5339.3,5323.2,5457.2,5554.2
22020,"Fargo, ND-MN (Metropolitan Statistical Area)",6461.8,6868.1,7340.2,7958.7,8401.4,8938.1,9551.5,10090.6,10206.7,10595.7,11439.7,12730.6,13282.5,14354.8,14960.7,15733,16279.4
22140,"Farmington, NM (Metropolitan Statistical Area)",4066,3908.4,4444.1,5056.3,5844.6,6360.7,6730.5,7319.5,6450.2,6443.8,7438.5,7247.4,7076.6,7354.7,6298.8,5791.4,6360.1
22180,"Fayetteville, NC (Metropolitan Statistical Area)",9433.6,10205.2,10862.1,11447,12532.8,13304.9,14227.7,15084.8,16195.4,16860.1,17362.8,17268.3,17094.3,16867.4,16981.1,16998.6,17263.4
22220,"Fayetteville-Springdale-Rogers, AR-MO (Metropolitan Statistical Area)",10916.4,13144.9,14088.3,15520.4,16824.1,17626.3,17422.5,17722.2,17129.8,18305.2,19905.8,20711.7,22414.6,23799.3,25437.4,27258.2,28503.7
22380,"Flagstaff, AZ (Metropolitan Statistical Area)",3177.8,3332.6,3466.6,3612.5,3828.9,4254.1,4843.4,4897.5,4642.8,4851.1,5052.2,5011.5,5200.9,5302.5,5563.1,5680.4,5844.1
22420,"Flint, MI (Metropolitan Statistical Area)",12146,12678.1,12998.6,12900,12923.7,12908.8,12670.4,11698.1,11047.7,11567.9,11891.1,12099.9,12369.3,12574.9,13227.7,13419.9,13623.3
22500,"Florence, SC (Metropolitan Statistical Area)",5659.8,5804.7,6101.9,6230.3,6463.9,6812.9,7132.2,7122.6,7106.6,7052.2,6994.2,7241.3,7709.4,7887.7,8201.4,8276.3,8555.2
22520,"Florence-Muscle Shoals, AL (Metropolitan Statistical Area)",2901,2985.3,3115.4,3444.2,3704,3848.9,3925.8,3999.9,3976,4112.3,4260.1,4519.9,4501.5,4673.3,4803.7,4892.9,5044.1
22540,"Fond du Lac, WI (Metropolitan Statistical Area)",2874,2926.5,3049.8,3200.7,3316.9,3434.1,3623.4,3728.6,3623.6,3820.2,3952.2,4102.1,4243,4486,4695.6,4856.2,5052
22660,"Fort Collins, CO (Metropolitan Statistical Area)",8355.2,9015.4,9213.8,9531.8,9891.6,10359.2,11059.6,11091.3,11460.8,11970.5,12244.6,13004.1,14113.6,14314.9,15085.7,15988.3,17164
22900,"Fort Smith, AR-OK (Metropolitan Statistical Area)",6630.7,6800.3,7280,7873.3,8618.8,9335.9,9160.8,9438.6,9038.2,9629.2,9794.9,9871.3,10097,10362.1,9968.2,9894,10061
23060,"Fort Wayne, IN (Metropolitan Statistical Area)",13957,14579.4,14964.3,15539.2,16391.3,16972.8,17620,17091,16464.5,17464.1,17897.3,18585.8,18795,19544.3,20735.1,21580.9,22358.3
23420,"Fresno, CA (Metropolitan Statistical Area)",20283.7,22584.8,24492,26690.9,28163.8,30477.6,30886.5,31643.7,31406.2,31952.2,34043,33944.3,36140.5,37447.1,39663.1,40886.8,42045.3
23460,"Gadsden, AL (Metropolitan Statistical Area)",2057.5,2158.7,2190.2,2353.9,2408,2467.6,2489.5,2538.2,2563.8,2625.3,2668.8,2699.2,2651.6,2715,2849.9,2929.5,2993.4
23540,"Gainesville, FL (Metropolitan Statistical Area)",6713.1,7042.5,7274.3,8298.5,8713.1,9342.3,10206.5,10398,10473.5,10676,10595.1,10950.4,11746.1,11602.5,11959.1,12371.5,12899.9
23580,"Gainesville, GA (Metropolitan Statistical Area)",4909.9,5017.3,5363.8,5622.5,6140.7,6231.5,6456.5,6529.9,6459.8,6427.3,6947.8,7118.8,7185.3,7827.8,8659.8,9202,9695.9
23900,"Gettysburg, PA (Metropolitan Statistical Area)",1954.1,2032,2203.9,2342.3,2491.5,2599.6,2701.5,2706.3,2775.8,2715,2688,2783.4,2919.2,3033.8,3125.3,3364.9,3513.9
24020,"Glens Falls, NY (Metropolitan Statistical Area)",2930.2,3153.6,3296.2,3577.6,3772.6,3896.8,3911.6,4050.6,4233.9,4444.3,4478,4620.6,4643,4793.7,4929.1,5053.8,5174
24140,"Goldsboro, NC (Metropolitan Statistical Area)",3020.3,3076.8,3124.9,3378,3507.4,3709.6,3768.5,3764.2,3988.1,4046.4,4109.6,4242.7,4329.8,4381,4448.1,4437.3,4492.4
24220,"Grand Forks, ND-MN (Metropolitan Statistical Area)",2655,2818.5,3074.8,3109.6,3246,3547.8,3695.1,4018.1,3915.4,4108.2,4149.7,4640.3,4912.1,4975.4,5229.6,5613.9,5721.4
24260,"Grand Island, NE (Metropolitan Statistical Area)",2160.2,2219.3,2462,2506.5,2671.7,2838,3069.4,3162,3238.6,3383.6,3720.3,3950.6,4041.3,4068.3,4224.9,4333.8,4486.5
24300,"Grand Junction, CO (Metropolitan Statistical Area)",3134.2,3375.8,3566.9,3671.7,4132.5,4595.4,5228.3,5695.7,5277.1,5046.3,5045.3,5159.2,5179.4,5374.2,5293.4,5246.4,5579.2
24340,"Grand Rapids-Wyoming, MI (Metropolitan Statistical Area)",36163,38108.4,39093.6,39986.5,41838.3,42638.9,42589.8,41200.9,39923.7,41317.9,43093.5,46405.9,49187.3,52318.7,56274.7,57909.5,60529.2
24420,"Grants Pass, OR (Metropolitan Statistical Area)",1318.6,1413,1557.2,1756.2,1851.8,1940.5,1901.1,1870.6,1883.3,1862.3,1906.2,1976.2,1948,2062.5,2241.7,2339.7,2477.8
24500,"Great Falls, MT (Metropolitan Statistical Area)",1969,2056,2209.4,2341,2449.7,2612.1,2792.2,2877,2884.9,3006,3118.7,3109.6,3102.1,3294.3,3413.9,3380.6,3486.9
24540,"Greeley, CO (Metropolitan Statistical Area)",5618.4,5310.8,5495,5846.2,6282.5,6641.6,7207.4,7524.5,7391.5,7685.6,8138.4,8723.3,9331.7,10921.1,11372.8,11258.2,12585.5
24580,"Green Bay, WI (Metropolitan Statistical Area)",11218.2,11535.4,12387.5,13214.4,13709.5,14087.9,14603.2,14409.9,14866.4,15138.6,15711.1,16325.5,16652.1,17122.7,18335.9,18901.4,19522.2
24660,"Greensboro-High Point, NC (Metropolitan Statistical Area)",26229.3,27217.4,27947,28534.7,29737.6,31381.1,32262.8,33766,33347.7,34113.2,35407.9,35356.4,36566.6,38228.8,40227.9,40402.4,41543
24780,"Greenville, NC (Metropolitan Statistical Area)",4182.3,4491.3,4654.1,4678.6,4931.5,5309,5663.6,5989.4,6223.5,6480.3,6803.3,6997.9,7319.5,7481.7,7735,7892.9,8216.8
24860,"Greenville-Anderson-Mauldin, SC (Metropolitan Statistical Area)",24402.2,25261.2,26195.9,25670.7,26846.4,27789.3,29911.4,30439.5,29650,30973.2,32652.8,33366.8,34669.1,36520.5,39122.4,40512.6,42108.9
25060,"Gulfport-Biloxi-Pascagoula, MS (Metropolitan Statistical Area)",10259.8,10576.2,11750.7,11870.8,13290.3,14265.2,15182,15977.8,15117.6,15397,15531.1,17172.6,16445,16332.6,16487.3,17175.6,17429.5
25180,"Hagerstown-Martinsburg, MD-WV (Metropolitan Statistical Area)",5746.9,6105.9,6470.1,6829.1,7284.4,7757,7699.8,7640.4,7612.8,7792,8118.4,8532.8,8845.9,9253.3,9398,9817.6,10232
25220,"Hammond, LA (Metropolitan Statistical Area)",1752.6,1860.3,2058.7,2345.5,2795.9,3492.2,3491.1,3525.4,3288.3,3808.5,3895.4,3794.5,3650.8,3844.5,3735.8,3905.9,4040.3
25260,"Hanford-Corcoran, CA (Metropolitan Statistical Area)",2698.7,2920.2,3394.3,3803,3934.4,3984.6,4600.3,4485.4,4117.9,4326.2,5085.7,4794.3,4906.6,5257.6,5090,5083.2,5191.2
25420,"Harrisburg-Carlisle, PA (Metropolitan Statistical Area)",21374.2,22231,23298.5,24765.4,25878.5,27418.8,28074.3,28185.9,28700.7,29356.8,30901.9,31675.2,32544.2,33546.6,35209.1,35896.8,37181.9
25500,"Harrisonburg, VA (Metropolitan Statistical Area)",4832.6,4597.1,4771.8,4850.6,5146,5379.7,5671.1,5849.7,6663.1,6934,6996,7219,7340.4,7506,7901.1,8066.9,8130.1
25540,"Hartford-West Hartford-East Hartford, CT (Metropolitan Statistical Area)",60360,59733.2,61941.5,69721,72073,77118.5,81301.9,78632.3,80080.2,81505.7,82873.5,82790.9,82699.3,83415.8,88387.5,87908,90317.5
25620,"Hattiesburg, MS (Metropolitan Statistical Area)",3103.5,3236.6,3355.7,3577.6,3856.3,4418.6,4693.2,4723.1,4932.1,4988.3,5025.5,5236.8,5315.9,5504.5,5768.3,5971.4,6165.4
25860,"Hickory-Lenoir-Morganton, NC (Metropolitan Statistical Area)",10271.5,10376.7,10148.6,10812.4,10994.6,11655,11273,11183.5,10993.4,11401.1,11481.3,11656.9,11867,12258.8,13121.1,13481.6,14269.9
25940,"Hilton Head Island-Bluffton-Beaufort, SC (Metropolitan Statistical Area)",6482.4,5842.2,6130.1,6630.4,7124.3,7802.1,7956.5,7859.3,7541,7630.7,7407.7,7557.2,7782.8,8269.2,8645.1,8856.5,9175.5
25980,"Hinesville, GA (Metropolitan Statistical Area)",1686,1762.8,2007.3,2158.1,2446.6,2547.2,2729.1,3032.3,3101.6,3376.2,3594.6,3513.6,3592.6,3465,3435.3,3356.7,3470.3
26140,"Homosassa Springs, FL (Metropolitan Statistical Area)",2099.2,2207.2,2402,2565.1,2854.9,3088.5,3228.4,3056.9,3258.1,3291.8,3199,3197.7,3086.6,2972.5,3045.2,2999.5,3110.8
26300,"Hot Springs, AR (Metropolitan Statistical Area)",1936.6,1976.6,2084.6,2198.7,2388.7,2553.7,2665.9,2706.3,2673.6,2827.6,3010.9,3044.3,2868.6,2922.5,3027.9,3102.5,3214.7
26380,"Houma-Thibodaux, LA (Metropolitan Statistical Area)",5653.2,5508.2,5805.8,6028.7,6797.3,8694.6,9891.9,10392.4,10331.4,10961.4,10696.5,11496.7,11527.6,11610.5,10698.5,9435.2,9473.5
26420,"Houston-The Woodlands-Sugar Land, TX (Metropolitan Statistical Area)",223796.8,221910.3,241754.9,277872.2,303527.9,338729.6,380315.3,394059.2,370247.2,392519.8,430922.3,462299.4,488429.6,507183.1,494837.4,472331.3,490074.4
26580,"Huntington-Ashland, WV-KY-OH (Metropolitan Statistical Area)",8408.5,8745.8,9142.8,9694.9,10372.6,11028.4,11652.6,12377.3,12452.1,12917.5,13183.4,13990.9,14853.5,15050.2,14746.2,14527.1,15218.4
26620,"Huntsville, AL (Metropolitan Statistical Area)",13202.4,14155.9,15101,16318.9,17242,18184.8,19172.2,19668.6,20316.4,21389,21879.1,22327.9,22533.6,23332.3,24153.4,24896.4,25792.8
26820,"Idaho Falls, ID (Metropolitan Statistical Area)",3299.7,3624.8,3764.8,4080.8,4418.3,4776.2,5020.4,5213.6,5260.2,5373.9,5435.3,5444.4,5522.1,5718.4,6191.9,6577.1,7018.7
26900,"Indianapolis-Carmel-Anderson, IN (Metropolitan Statistical Area)",77481.1,78010,82150.3,88792.7,92202.1,97983.9,102415.4,106718.1,106343.3,110580,113043.9,116257.2,123565,127666.5,130824.6,137940,143873.5
26980,"Iowa City, IA (Metropolitan Statistical Area)",5117.9,5273.4,5551.5,5910.7,6086.2,6455.3,6820.2,7128.4,7401.3,7857.3,8285.4,8635,9020.4,9537,9785.6,10191.9,10452.3
27060,"Ithaca, NY (Metropolitan Statistical Area)",3002.1,3179.8,3391.8,3533.3,3645.9,3764.9,3910.6,4124,4281.9,4415.1,4456,4680.9,4778.2,4840.8,4967.7,5087.6,5264.7
27100,"Jackson, MI (Metropolitan Statistical Area)",4258.1,4390.3,4406.8,4666.2,4845.7,4887.3,4976.8,4757.3,4713.1,5036.3,5267.7,5327.1,5800.6,5729.2,5929.2,6180.5,6308.2
27140,"Jackson, MS (Metropolitan Statistical Area)",17172.9,17682.6,18777.1,20093.5,20930.3,22201.2,23466.6,24338.3,23676.1,24678.2,25355.2,26574.4,27331.9,28258.2,28842.1,29570.7,30236.5
27180,"Jackson, TN (Metropolitan Statistical Area)",3682.1,3822.3,4054,4249.3,4537.9,4778.8,4729.6,4938.6,4905.2,5013.4,5298.2,5878.2,5787.7,5755,5900,6317,6496.1
27260,"Jacksonville, FL (Metropolitan Statistical Area)",40164.1,42889.1,46108.4,49057.9,53769.6,58688.4,60260.9,57532.2,55554.5,56380.5,56360.3,58519.2,62166,64001.1,68810.2,72727.3,76649.6
27340,"Jacksonville, NC (Metropolitan Statistical Area)",3780.3,3800.3,4149.4,4715.7,5141.2,5390.1,6001.6,6576.4,7291.8,7920.5,7947.8,7868.7,7858.8,7830.9,7727.8,8202,8395.6
27500,"Janesville-Beloit, WI (Metropolitan Statistical Area)",4252.1,4678.4,4903.9,4987.5,4978.9,5419.6,5361,5104.2,4826.7,4956.9,5247,5431.9,5815.6,5726.1,6065,6352.9,6610.7
27620,"Jefferson City, MO (Metropolitan Statistical Area)",4388.9,4368,4720.1,5104,5302.2,5604,5738.8,5973.5,5967.9,6209.2,6183.4,6272,6743.9,6926.1,7128.9,7083.2,7289
27740,"Johnson City, TN (Metropolitan Statistical Area)",4371.5,4556.6,4907.6,5253.9,5370.1,5535.4,5668.4,6006.1,6111.7,5906,6047.7,6292.2,6279,6310.4,6690.8,6816.6,7041.7
27780,"Johnstown, PA (Metropolitan Statistical Area)",3334.5,3302.7,3417.1,3468.5,3643.6,3788.9,3869.2,3995.2,4067.8,4150.9,4238.3,4182.3,4210.9,4244.7,4221,4160.6,4237.5
27860,"Jonesboro, AR (Metropolitan Statistical Area)",2789.7,2801.2,3089.8,3304,3450.6,3643.6,3726.4,4010.5,4125.9,4395.8,4477.6,4606.5,4781,4777.9,4966.5,5152.6,5292.2
27900,"Joplin, MO (Metropolitan Statistical Area)",4399.9,4489.1,4809.1,5025.9,5197.8,5482.4,5595.6,5799.8,5878,6103.3,6292.9,6532.8,6743.6,6836.9,7227.7,7141.8,7415.1
27980,"Kahului-Wailuku-Lahaina, HI (Metropolitan Statistical Area)",4593.3,4879.8,5241.1,5642.4,6187.1,6518.2,7108.6,7038.4,6868.6,6642.1,7227.2,7424.9,7658,8005.4,8520.2,9006.7,9329.9
28020,"Kalamazoo-Portage, MI (Metropolitan Statistical Area)",10301.8,11317.5,11755.2,11764.2,11693.7,12238.2,12725.4,12783.2,12796.2,12946.9,13209.6,13487.7,14003.3,14450.2,15714.3,16607.9,17085.7
28100,"Kankakee, IL (Metropolitan Statistical Area)",2464.9,2633.1,2653.4,2830.5,2910.8,3056.2,3120.4,3217.1,3316.7,3372,3447.2,3709.6,3742.9,3827.6,4181.3,4346,4510.4
28140,"Kansas City, MO-KS (Metropolitan Statistical Area)",77521.4,80379.4,83331.7,83113.6,89675.9,94827.9,100240,102896.4,102839.5,103464.2,105048.3,112028,115710.9,120757.8,125765.1,127484.6,131092.4
28420,"Kennewick-Richland, WA (Metropolitan Statistical Area)",6284.6,6762.5,7268.6,7632.9,7998.6,8149.2,9008.2,9614.7,10736.5,11978.3,12177.7,11492.5,11502.8,11714.3,12642.4,13352.5,13868.3
28660,"Killeen-Temple, TX (Metropolitan Statistical Area)",8338.3,8898.7,9694.5,10470.9,11627.3,12878.8,14072.1,15171.4,15638.8,15723.6,16096.3,16135.3,15980.5,16104,16883.1,16904.2,17556.2
28700,"Kingsport-Bristol-Bristol, TN-VA (Metropolitan Statistical Area)",8175.7,8107.1,8148.3,8769.3,8701.2,9530.4,9858.9,10414,10551.8,10886.5,11696.5,12209.6,12062.8,11601.1,11686.5,11676.5,11966.7
28740,"Kingston, NY (Metropolitan Statistical Area)",3653,3876.1,4139.4,4376.3,4603.9,4923.2,5018.8,5044.7,5155.3,5328.7,5248.4,5461.6,5610.4,5665.5,5917.9,6078.9,6255
28940,"Knoxville, TN (Metropolitan Statistical Area)",23210.6,25028.9,26466.1,28225.6,29476.9,30511.4,31154.8,32419.1,31995.6,32295.9,33555.1,34488.5,34875.4,36366.4,38343.4,40207.2,41459.4
29020,"Kokomo, IN (Metropolitan Statistical Area)",3634.1,3977.5,4432,4197.6,4034,4141,4360.7,3512,2529.9,3618.1,3742.3,3851.1,4078.4,4288.9,4612.4,4682.9,4623.6
29100,"La Crosse-Onalaska, WI-MN (Metropolitan Statistical Area)",4061.3,4147.3,4415.8,4626.7,4868.3,5038.6,5240.7,5468.9,5673.3,5936.7,6088.1,6391,6458.3,6648.1,6981,7238.1,7507.7
29180,"Lafayette, LA (Metropolitan Statistical Area)",13925.6,13397.9,14139.9,15173.1,17355.4,20798.8,22807,23894.5,23196.3,24772.7,27672.6,27816.8,26919.8,26426,23776.3,21499.6,22113.5
29200,"Lafayette-West Lafayette, IN (Metropolitan Statistical Area)",6001.7,6274.4,6479,6885.9,7116.3,7350,7799.7,8120.9,7820.4,8314.4,8735.2,8963,9092.5,9429.2,9741.1,10171.8,10415
29340,"Lake Charles, LA (Metropolitan Statistical Area)",7048.7,7292.5,9385.2,10967.9,16441.8,15346.6,13544.9,13311.4,11651.8,13828.8,13806.6,14892.9,13497.4,15053.4,15784.3,16055,17319
29420,"Lake Havasu City-Kingman, AZ (Metropolitan Statistical Area)",2626.2,2848.2,3082.3,3547.2,4051.4,4374,3987.1,3840.4,3688.4,3744.4,3836.7,3843.2,3879.4,4013.1,4055,4110.1,4343.3
29460,"Lakeland-Winter Haven, FL (Metropolitan Statistical Area)",11781.4,12371.8,13049.9,13986.9,15292.3,16238.6,16850.3,17386.4,17116.4,17134.1,17189.8,17664.4,18448.7,18592.1,19611.2,20338.4,21154.5
29540,"Lancaster, PA (Metropolitan Statistical Area)",16549.9,17259.2,17487.9,18311.3,19355.7,20006.3,20295.9,20630.7,20445,21561.3,22296.7,23370.6,24026.3,25381.4,27577,27946.7,28937.7
29620,"Lansing-East Lansing, MI (Metropolitan Statistical Area)",16129.5,17075.4,17492.3,17388.9,17902.7,18474.5,18951.1,18316.6,17845.5,19277.1,19112.9,18974.4,19315,20008.9,20996.9,22088.7,22561.7
29700,"Laredo, TX (Metropolitan Statistical Area)",4504.3,4775.6,4978.9,5039.8,5715.8,6132.9,6399.9,6788.1,6481.5,7078.9,7560.8,7718,7775.3,7988.8,8014.7,7987.1,8285.2
29740,"Las Cruces, NM (Metropolitan Statistical Area)",3731.4,4006.5,4412.8,4914.4,5202.9,5384.4,5688.5,5944.8,6268.1,6501.4,6539.9,6358.1,6291.7,6520.5,6788.5,7038.1,7227.3
29820,"Las Vegas-Henderson-Paradise, NV (Metropolitan Statistical Area)",55534.9,59249.8,63640,74178.8,84929.6,90920.7,95773.9,94010,84960.2,83410.4,84875.2,87098.4,90426.4,93742.4,103733.8,107452.1,112288.3
29940,"Lawrence, KS (Metropolitan Statistical Area)",2885.3,2911.6,2994.5,3279.6,3230.6,3195.1,3393.8,3563.3,3679.5,3730.7,3822.1,3801.5,3895.3,3997.1,4248.8,4437.4,4558.3
30020,"Lawton, OK (Metropolitan Statistical Area)",2888,3044.8,3304.8,3474.2,3566,3908.1,4074.3,4298.9,4553.1,4816.9,4798.9,4652.4,4774.6,4862.5,5063.4,5078.1,5155.1
30140,"Lebanon, PA (Metropolitan Statistical Area)",2865.9,2971.9,3288.6,3453.5,3548.8,3671.2,3802.9,3892.3,3934.7,4154.9,4309.9,4423.9,4612.2,4662,4835.5,4963.9,5155.3
30300,"Lewiston, ID-WA (Metropolitan Statistical Area)",1484.4,1546.5,1608.1,1674.8,1730.6,1812.2,1896.7,1974.9,1991.9,2065,2111,2140.6,2171.5,2178,2312.4,2403.8,2511.6
30340,"Lewiston-Auburn, ME (Metropolitan Statistical Area)",2731.3,2943.6,3060.8,3227.4,3323.1,3547.6,3686.2,3709,3637.1,3622.2,3579.4,3677.4,3702.2,3848.9,3946.6,4095.7,4213.9
30460,"Lexington-Fayette, KY (Metropolitan Statistical Area)",17448.3,18395.4,18524.8,19452.3,20431.1,21489.7,22462.7,22347.6,21514.3,22773.4,23217.5,24535.6,25241.4,26014.3,27703.5,29188,29960.2
30620,"Lima, OH (Metropolitan Statistical Area)",3676.1,3826.7,3949.2,4144.7,4422.5,4599.9,4624,4407.1,4945.1,5200.1,5688.3,5563.9,5576.4,6052.6,5493,5424,5717.8
30700,"Lincoln, NE (Metropolitan Statistical Area)",10262.9,10723.4,11629.6,11766.8,12348.5,12895.3,13603.9,13779.9,14086.4,14802.2,15481.2,16615.3,17331.6,18173.9,19075.8,19641.2,20245.6
30780,"Little Rock-North Little Rock-Conway, AR (Metropolitan Statistical Area)",22200.3,22589.1,23954.7,25428.2,27162.3,29249.4,32684,32630.6,33218.5,33784.1,34339.2,35403,35050.3,36156,37283.6,37834.3,38874.4
30860,"Logan, UT-ID (Metropolitan Statistical Area)",2155.2,2279.3,2540.9,2716.4,2799.2,2970.7,3216.3,3425.7,3565.6,3905.1,4156.3,4206.7,4204.7,4443.5,4823.7,5050.8,5141.2
30980,"Longview, TX (Metropolitan Statistical Area)",5579.3,5668.2,6045.7,6628.9,7802.4,9127.6,10113.8,11406.8,9907.2,10771.3,10648.3,11089.6,11292.4,11622,10545,9718.2,10234.2
31020,"Longview, WA (Metropolitan Statistical Area)",2357.7,2299.1,2482.7,2601.2,2824.5,2959.5,3153.7,3207.8,3226.4,3541.1,3504,3589.5,3800.5,3909.9,4023.3,4246.4,4477.3
31080,"Los Angeles-Long Beach-Anaheim, CA (Metropolitan Statistical Area)",534377.6,560811.5,595620.2,637514.2,676588.1,724447.3,753117.7,772747.1,741630,763975.9,782565.1,820862.6,852034.2,901979.9,967100.1,996431.8,1043735.1
31140,"Louisville/Jefferson County, KY-IN (Metropolitan Statistical Area)",42919,43680,45269.9,47678,49895.5,52487.3,54442.1,54026.2,52988.8,55848.6,58087.9,61813.2,62909.6,68316.1,71698.7,73908.2,76063.5
31180,"Lubbock, TX (Metropolitan Statistical Area)",6857.7,7267.3,7634.8,8248.3,8799.6,9263.9,9461.6,9832.5,10128.4,10748.6,10837.4,11331.6,12254.4,12393,12935,13421.1,13879.5
31340,"Lynchburg, VA (Metropolitan Statistical Area)",6160.3,6106.2,6417.7,6671.4,7139,7624.2,7859.4,8031.1,8356.9,8586.3,8522.1,8696.6,8881.8,9057,9287.6,9562.4,9873.2
31420,"Macon-Bibb County, GA (Metropolitan Statistical Area)",6932.7,7013.3,7128.8,7509.2,7725.5,7745.9,7687.1,8023.7,7906.6,8070.9,8054,8264,8641.7,9188.5,9388.4,9586.5,9811.3
31460,"Madera, CA (Metropolitan Statistical Area)",2267.3,2540.2,2771.7,3241.7,3510.2,3621.1,3851.5,3854,3548.7,3997.7,4285.8,4603.1,4896.3,5244.3,5261.8,5614.4,5549.7
31540,"Madison, WI (Metropolitan Statistical Area)",24783.5,26219.9,27440.5,29484,31326.6,32638.3,34332.4,34540.2,35358.2,36249.8,37687.5,38949,40557.7,41460.2,45660.1,48243.4,49853.1
31700,"Manchester-Nashua, NH (Metropolitan Statistical Area)",14946.4,16064.6,17523.1,18115.6,19664.4,20326.8,20834.4,21236.5,21054.7,21133,22405.4,22677.9,23504.1,24315.6,26135.2,27580.6,28442.8
31740,"Manhattan, KS (Metropolitan Statistical Area)",1896,1966.5,2104,2402.4,2403.9,2415.3,2624.9,2829.1,2860.1,3005.4,3337.6,3221.5,3204.7,3291.4,3483.7,3684.4,3821.8
31860,"Mankato-North Mankato, MN (Metropolitan Statistical Area)",2856.5,3044.5,3181.4,3329.3,3551,3949.1,3798.9,3917.5,3731.1,3955.1,4237.4,4527.8,4737.6,5022.8,5049.2,5089.5,5320.3
31900,"Mansfield, OH (Metropolitan Statistical Area)",3701,3870.9,3991.4,4233.7,4298.2,4364.8,4204.2,4101.8,3610.4,3781.6,3905.6,3996.9,4120.4,4285.7,4296.6,4321.4,4470.1
32580,"McAllen-Edinburg-Mission, TX (Metropolitan Statistical Area)",8422.2,9015.5,9936,11145.9,12001.5,12881.1,13324.8,13827.8,14475.8,15337.6,16131.1,16828.2,17593.3,18485.9,19101.5,19631.2,20404.8
32780,"Medford, OR (Metropolitan Statistical Area)",4829,5076.9,5354.1,5822.7,6004.1,6068.2,6147.3,6156.6,6143,6040.7,6197.7,6531.8,6842.1,7203.7,7672.8,8231.6,8590.3
32820,"Memphis, TN-MS-AR (Metropolitan Statistical Area)",49136.9,51602.6,53341.9,56128.7,57982.1,60055.1,62109.2,62294.8,61120.6,62898.3,63448.7,65186.2,65875.1,66909.7,69317.9,71088.2,72503
32900,"Merced, CA (Metropolitan Statistical Area)",3972.7,4572.9,5117.2,5741.8,5915.5,5979.3,6658,6358,6440.2,6548.5,7287.6,6971.5,7690.9,8175.6,8007.9,8454.4,8625.4
33100,"Miami-Fort Lauderdale-West Palm Beach, FL (Metropolitan Statistical Area)",187604.5,197231.5,206547.2,222851.4,248624.4,263864.6,270390.1,261594.7,244409.2,250428.6,254342.7,266563.4,268198.5,292308.5,315623.5,330784.1,344881.7
33140,"Michigan City-La Porte, IN (Metropolitan Statistical Area)",2882.4,3003.5,3024.9,3220.5,3322.7,3440,3609,3660.5,3461.9,3616.2,3738.7,3839.1,3922.3,3902.5,3762.6,3903.2,4014.7
33220,"Midland, MI (Metropolitan Statistical Area)",2922.9,3141.4,3106.7,3461.1,3290,3413.6,3631,3687.8,3701.5,3820.6,4038.6,4045.3,4083.2,4758,5359.1,5740.4,6355.4
33260,"Midland, TX (Metropolitan Statistical Area)",9888.2,9643.2,11152,11061.4,13189.4,13690.4,15551.1,23206.1,15208.3,18958.5,26208.1,29991.2,33427.8,36931.9,26119,22937.4,27818.5
33340,"Milwaukee-Waukesha-West Allis, WI (Metropolitan Statistical Area)",65217.9,66637.3,69762.3,73004.9,77660.3,82421.1,84622.8,85723.8,85061.4,87453.3,90910.2,93915.2,96993.6,100051,99343.2,102759.6,105426.8
33460,"Minneapolis-St. Paul-Bloomington, MN-WI (Metropolitan Statistical Area)",147410.3,151768,160840.1,171518.6,182350.8,186217.9,193820.5,195341.4,191508.6,197982.1,207711.9,213855.2,220938.1,232415.6,242052.7,250375.6,260106
33540,"Missoula, MT (Metropolitan Statistical Area)",2920.8,3098.3,3304.4,3407.8,3591,3779.9,4025.5,4214.8,4255.8,4344.7,4331.3,4570.2,4596.7,4685.1,5044.4,5364.4,5614.6
33660,"Mobile, AL (Metropolitan Statistical Area)",11676.9,11868.5,12379.7,13251.6,14583.8,16144.9,16425.7,17082.8,16488.9,16940.8,17719.3,17567.9,17553.3,17966.6,18519.6,18904.2,19406.6
33700,"Modesto, CA (Metropolitan Statistical Area)",11470.7,12362.9,13188,14474.1,15043.5,15281.9,15461.6,15762.6,15894.7,15990,16449.7,16517.6,17189.3,18408.7,19377,20388.3,20659.5
33740,"Monroe, LA (Metropolitan Statistical Area)",4563.4,4884.8,4980.8,5309.8,5495.5,5813.2,5925.6,5851.1,6328.5,6476.8,6409.9,6444.2,6692.5,6803.4,7433,7786.4,8027.7
33780,"Monroe, MI (Metropolitan Statistical Area)",3530.3,3979.1,4063.6,4145.1,4063.4,4224.6,4132.3,3884.1,3702.9,3951.5,4182.8,4393.9,4526.6,4589.4,4652.5,4972.1,5049.4
33860,"Montgomery, AL (Metropolitan Statistical Area)",11173.2,11754.1,12206.5,13475.3,13788,14323.5,14514.4,15096.1,14928.1,15229.8,15445.7,15653.2,15994.9,16177.1,16777.8,17377.3,17556.5
34060,"Morgantown, WV (Metropolitan Statistical Area)",3346.7,3327.2,3519,3917.4,4316.9,4616.9,4738.8,5107.7,5704.9,5993.6,6199.7,6425.6,6757.6,7069.2,7461.1,7723.8,8146.1
34100,"Morristown, TN (Metropolitan Statistical Area)",2742.7,2789.8,2943.6,3160.3,3124.9,3288.4,3238.4,3221,3057.1,3314.6,3369.1,3643,3714.5,3874,4131.1,4260.5,4412.8
34580,"Mount Vernon-Anacortes, WA (Metropolitan Statistical Area)",3244.2,3550.3,3650.6,3759.4,5451.8,4760.8,4907.4,4961.1,5067.5,5578,5387.3,5239.2,5516.9,5574.1,6068.1,6196.5,6643
34620,"Muncie, IN (Metropolitan Statistical Area)",3146.4,3212.4,3309.6,3305.9,3283.7,3407.5,3355.7,3338.1,3210.1,3303.1,3433.9,3648.4,3673.3,3691.8,3761.4,3876.2,3961.3
34740,"Muskegon, MI (Metropolitan Statistical Area)",4132.4,4219,4290.3,4432.9,4602.3,4768,4760.3,4744.3,4509,4750.8,4955.6,5105.6,5257.2,5478.6,5639.5,5740.6,5905.7
34820,"Myrtle Beach-Conway-North Myrtle Beach, SC-NC (Metropolitan Statistical Area)",9227.4,9890.5,10289.9,11338.2,13059.1,13552.8,13804,13153.8,12951.3,12971.7,13429.2,14017,14657.6,15277.2,16063.6,16593.7,17216.3
34900,"Napa, CA (Metropolitan Statistical Area)",5878.8,6037.4,6166.6,6351.6,6843.7,7254.7,7404.7,7691.6,7742.7,7431.8,7514.8,8294.3,8822.1,9547,10484.5,11105.7,11446.4
34940,"Naples-Immokalee-Marco Island, FL (Metropolitan Statistical Area)",11933.1,12400.2,12303.2,12766.5,14324.2,15335.4,15303.3,13761.9,12582.6,12885.3,13057.5,13611.8,13977.1,15283.6,16791.4,17654.2,18236.4
34980,"Nashville-Davidson--Murfreesboro--Franklin, TN (Metropolitan Statistical Area)",58078.7,61057.9,64293.6,69177.1,72360.5,77091.9,78182.7,81227,80107.2,82636.8,87683.8,96274.5,101187.8,107931.7,118024.4,126147.5,133251
35100,"New Bern, NC (Metropolitan Statistical Area)",3087.1,3157.3,3382.2,3652.7,4016.5,4177.3,4279.8,4257.5,4361,4572.3,4567.9,4667.6,4722.6,4773.2,4884.5,4950.6,4987.8
35300,"New Haven-Milford, CT (Metropolitan Statistical Area)",31637.9,33107.2,34206.7,37103.3,38076.2,40903.1,41467.9,39973,38938.7,39531,39655.5,40235.7,40896,41161.1,42502.7,43801.1,45251.6
35380,"New Orleans-Metairie, LA (Metropolitan Statistical Area)",52450.4,52228.6,58753.8,64221.8,71829.9,70868,70179.8,72730.2,67917.1,75837,75450.9,77413,72810.7,76308.9,78820.2,76616.8,79289.9
35620,"New York-Newark-Jersey City, NY-NJ-PA (Metropolitan Statistical Area)",973620.8,991056.9,1014754.4,1074141.6,1149443.2,1216007.6,1270753.3,1257147.7,1276469.8,1338450.7,1363858.9,1439232.6,1477043.4,1542763.2,1618365.7,1662671.3,1717712.2
35660,"Niles-Benton Harbor, MI (Metropolitan Statistical Area)",4786.8,5042.3,5053.8,5159,5241.7,5539,5876,5613.8,5663.6,6070.4,5855.6,5854.4,6181.3,6430.1,6601,6691.5,6756.7
35840,"North Port-Sarasota-Bradenton, FL (Metropolitan Statistical Area)",15992.9,17718.9,19556.8,22094.3,25241.4,26504.3,26298.2,24320,22922.7,22705.7,23035.5,23688.4,24475.7,26263.7,28613.5,30004.3,31196.6
35980,"Norwich-New London, CT (Metropolitan Statistical Area)",9986.1,11015.1,12027.4,14153.9,14291,15025.3,15562.6,14637.2,14333.5,14625.9,14525.2,14560.9,14464.7,14211.6,14995.1,15099.9,15753.8
36100,"Ocala, FL (Metropolitan Statistical Area)",5004.6,5342.6,5819.4,6320.9,6968.2,7812.2,7963.1,7747.3,7099.6,7011.7,7007.8,7165.6,7064.8,7476.9,7874.8,8463.2,8653.6
36140,"Ocean City, NJ (Metropolitan Statistical Area)",3214.3,3517.8,3929.4,4539,4804.4,4523.9,4171.2,4150,4211.8,4250.4,4347.8,4389.2,4747.6,4964.2,4962.9,5133.4,5246.6
36220,"Odessa, TX (Metropolitan Statistical Area)",3350.9,3344.3,3393.8,3581.7,4118.6,4958.4,6040.2,6801.4,6056.9,6490.1,8006.1,10009.8,11106.3,11857.5,10064.9,8563.6,9958.5
36260,"Ogden-Clearfield, UT (Metropolitan Statistical Area)",13031,13896.9,14668.1,15486.2,16443.3,18360.5,19427.4,19420.5,19427.2,20407.2,21127.5,20899.5,21647.4,22504.5,24003.4,25146.5,26476.1
36420,"Oklahoma City, OK (Metropolitan Statistical Area)",37157.6,38573.9,42696.7,44322.8,47870.1,50987.6,53378.1,56918.5,55522.1,57723.8,60629.6,63356.4,67692.7,69406.3,72253.3,70827.8,74883.8
36500,"Olympia-Tumwater, WA (Metropolitan Statistical Area)",6156.6,6475.1,6770,7326.6,7797.8,8161.1,8790.7,9165.9,9430.2,9574.5,9526.6,9675.1,10005.4,10290,10908.5,11607.9,12426.2
36540,"Omaha-Council Bluffs, NE-IA (Metropolitan Statistical Area)",31849.6,33185.6,34759.2,38158.2,40417.2,43155.9,44570.7,45325.5,46151.2,47758.5,50025.3,52465.5,53630.8,57554.2,61444.4,63573.6,65052.9
36740,"Orlando-Kissimmee-Sanford, FL (Metropolitan Statistical Area)",65934.6,68985.2,75226.8,81800.8,89187.4,95772.7,102481.7,103408.4,99135.6,99474,100674.2,103535.4,115249,115309.3,123054.4,127999.5,132448.1
36780,"Oshkosh-Neenah, WI (Metropolitan Statistical Area)",6188.8,6668.7,6702.2,7038,7257.5,7590.9,7870.4,7816.6,7716.1,8289.2,8691.7,8980.6,9007,9323.2,9857.9,10209.1,10510.8
36980,"Owensboro, KY (Metropolitan Statistical Area)",3226.7,3629.4,3709.2,4172.5,3779.3,4228.8,4361.4,4882.9,4835.2,4908.3,5068.5,4907.9,5239.8,5359.5,5494.3,5465.9,5635.3
37100,"Oxnard-Thousand Oaks-Ventura, CA (Metropolitan Statistical Area)",27081.7,28151.4,30917.5,33414.7,34810.3,36907.3,38997.5,38194.7,38635.6,41521.5,43832.3,45650.4,47636.6,48733.9,49728.5,49926.2,50847.5
37340,"Palm Bay-Melbourne-Titusville, FL (Metropolitan Statistical Area)",12261,13073.6,14041.5,15788.5,17289.5,18016.8,19007.6,19025.8,18418.8,18611.6,17885.5,17767.1,18193.5,18620.1,19783.1,20596.7,21848.6
37460,"Panama City, FL (Metropolitan Statistical Area)",4354,4864.2,5224,5856.2,6472.7,7119.1,7179.2,7179.3,7077.1,7167.8,6900.6,6967.9,7604.7,7893.3,8189.5,8375.7,8447.1
37620,"Parkersburg-Vienna, WV (Metropolitan Statistical Area)",2641.4,2720.8,2744,2818.8,2834.8,3136.6,3105.8,3218.9,3441.8,3372,3582.8,3802.2,3898.3,4525,4177.6,4032.2,4277.7
37860,"Pensacola-Ferry Pass-Brent, FL (Metropolitan Statistical Area)",10298.6,10512.1,11070.5,12118,12841,14062.1,14371.4,14062.8,13877.7,14330.1,14697.8,15157.4,15844.1,16029.5,16912.8,17382.7,18015.6
37900,"Peoria, IL (Metropolitan Statistical Area)",11740.9,11920.2,12624.3,13796,14926.6,16463.9,17493,18180.9,18004.8,18407.2,20415.7,22407.9,19767.6,20208.1,19821.2,19800.6,18982.8
37980,"Philadelphia-Camden-Wilmington, PA-NJ-DE-MD (Metropolitan Statistical Area)",248274.7,256645.2,270351.3,286874.7,300290.9,316234.2,333873.6,340758.3,340837.2,348583.4,355924.4,370051.5,389787.5,400621.4,418605.4,431383.6,444975.2
38060,"Phoenix-Mesa-Scottsdale, AZ (Metropolitan Statistical Area)",126657.9,132517.3,141502.7,151546.2,169603.8,186247.5,196302.8,191628.3,177614.9,180085.8,186383.3,195629.6,199870.6,209595.9,221570.1,231011.3,242950.6
38220,"Pine Bluff, AR (Metropolitan Statistical Area)",2416.7,2472.9,2593,2767.7,2835.3,3009.4,2997.3,3062.9,3053.3,3134.5,3158.2,3204.1,3173.1,3085.9,2953.9,3060,3075.9
38300,"Pittsburgh, PA (Metropolitan Statistical Area)",86007.7,87537.5,91850.3,94493,96960.6,101775.8,104818.7,106709.2,108287.5,113940.3,119653.4,122438.5,126823.6,133690.8,136683.9,137944.3,147367.5
38340,"Pittsfield, MA (Metropolitan Statistical Area)",4433.6,5093.5,5225.6,5807,6188.7,6086.7,5315.7,5233.1,5293,5357.9,5865.5,6142.9,6195.7,6355.7,6685.2,7006.7,7118.7
38540,"Pocatello, ID (Metropolitan Statistical Area)",1795.5,1815.2,1959.9,2130.6,2220.9,2267.2,2406.8,2520.3,2377.5,2426.2,2505.5,2566.3,2454.3,2499.3,2602.4,2711.5,2818.4
38860,"Portland-South Portland, ME (Metropolitan Statistical Area)",18490.4,19190.5,20167.4,21838.1,22480.6,23663.8,24290.6,24629.5,24929.5,25711.8,25991.5,26662.3,27119.9,28244.2,29647,31061.6,32143.3
38900,"Portland-Vancouver-Hillsboro, OR-WA (Metropolitan Statistical Area)",78988.6,81168.9,85669.1,96829,101363.9,113657.4,120045.3,129279.8,131012,141492.5,148812.1,144550.6,143129.9,148029.2,156869.3,164503.5,171771.6
38940,"Port St. Lucie, FL (Metropolitan Statistical Area)",7026.4,7792.1,8421,9743.3,11052.8,11823.4,12265.5,11739.3,11388.9,11234.4,11173.6,11508.9,11618.7,12004.3,12849.2,13288.5,13932.9
39140,"Prescott, AZ (Metropolitan Statistical Area)",3197.2,3429.7,3718.9,4038.6,4540,5021.5,5144.4,5068.4,4871.2,4728.9,4884.4,5033.2,5024.4,5300.2,5484.9,5743.5,6111
39300,"Providence-Warwick, RI-MA (Metropolitan Statistical Area)",50536.9,53224.9,56502.1,59517.7,61771.1,65264.2,65768.4,65972.6,65547,67707.1,68501.8,71041.8,72338.5,74614.2,78520.3,80256.8,82928.7
39340,"Provo-Orem, UT (Metropolitan Statistical Area)",8958.2,9394.5,9978.3,11071.2,12341.7,13878.2,15247.3,15031.4,15058.9,15133.6,15996.2,16879.3,17947.8,19120.7,21842.8,23881.1,25625.3
39380,"Pueblo, CO (Metropolitan Statistical Area)",3057.5,3138.8,3301.8,3687.6,3617.2,3777.2,3974.9,4127.9,4099.5,4185.1,4273,4454.3,4416.2,4631.6,4796.4,4996.1,5235.9
39460,"Punta Gorda, FL (Metropolitan Statistical Area)",2479.4,2683.6,2816.6,3032.6,3383.3,3565.7,3427.2,3319.1,3107.1,3169.3,3219.4,3443.1,3301.1,3594.4,3942.5,4145.8,4321.5
39540,"Racine, WI (Metropolitan Statistical Area)",5828.9,5968.8,6204.1,6580.9,6742,6739.3,6729.4,6609.9,6786.3,7379.7,7351.2,7639.5,7534.7,7656.1,7916.9,7954.3,8080.5
39580,"Raleigh, NC (Metropolitan Statistical Area)",37312.7,36465.6,37967.3,41378.1,44923.7,48995,53836.8,55084.5,55859.9,57540,59646.1,62615,64533.8,69056,75776.9,79946.5,83288
39660,"Rapid City, SD (Metropolitan Statistical Area)",3891.5,4382.1,4581.2,4685.3,4826.3,4904.4,5050.8,5070.7,5023.3,5269.1,5648.5,5853.2,5916.6,6214.1,6331.2,6620.3,6881.1
39740,"Reading, PA (Metropolitan Statistical Area)",11671.7,12029.5,12378.8,12717.9,13382.9,14583.8,14743.6,14800.2,14580.4,15198.8,15666.8,16092.4,16533.4,17974.7,18889.4,19629.5,18679.1
39820,"Redding, CA (Metropolitan Statistical Area)",4212.4,4763.2,5069,5068.1,5058.4,5213.9,5321,5146.7,4980.9,5060.3,5129.8,5083.9,5259.3,5570.9,5930.1,6590.5,7036.9
39900,"Reno, NV (Metropolitan Statistical Area)",16022.4,16407.4,17152,18898.1,20057.3,21133.4,21541.3,20154,19295.2,19513.8,19487.4,19481.2,20804.1,22224.2,23359.2,24793.2,26631.4
40060,"Richmond, VA (Metropolitan Statistical Area)",47404.3,47903.8,49460.3,50461.6,55625,57943.2,60036.3,60888.8,60949,62643,64053.2,67572.5,69830.7,72156.9,76874.7,79508.3,82739.3
40140,"Riverside-San Bernardino-Ontario, CA (Metropolitan Statistical Area)",74452.9,81209.5,89526.3,101560.3,112402.3,119481.8,120758.1,119986.7,112026.1,114208.9,119301,120470.1,127771,133909,144079.1,150575.6,157931
40220,"Roanoke, VA (Metropolitan Statistical Area)",10062.7,10399.7,10732.1,11062.5,11837.8,12371.4,12898,13197.3,13501.4,13390.1,13425.5,13826.1,14089.6,14348.9,15098.9,15125.3,15324
40340,"Rochester, MN (Metropolitan Statistical Area)",7118.7,7691.2,8302.8,8449.8,8548.4,8813.6,8864.2,9126.6,9180.6,9855.7,9940.8,10490.8,10658.2,10925.9,11366.1,11965.9,12567.6
40380,"Rochester, NY (Metropolitan Statistical Area)",38461.3,40184.3,41523.6,42903.4,44536.2,46426.8,46431.5,46594.9,48709.6,50236.4,50348.9,51838.6,53140.9,52637.3,54854,55973.4,56550
40420,"Rockford, IL (Metropolitan Statistical Area)",10552.5,10701.1,11002.1,11248.6,11747,12409.2,12866.9,12733.3,12193.9,12461.6,12970.3,13700.8,13722.6,14250.3,14611.9,14720.6,15332.5
40580,"Rocky Mount, NC (Metropolitan Statistical Area)",4753.2,4972.5,5055.8,5185.1,5172.5,5488.5,5432.7,5627,5905.2,5982,6202.3,5952.9,6032.7,6006,6273.7,5925.9,5896.6
40660,"Rome, GA (Metropolitan Statistical Area)",2678.6,2734.3,2836.8,3131.4,3039.4,3112.8,3184.2,3258.5,3278.5,3261.2,3242.3,3379.6,3496.5,3599.4,3728.7,3893.8,3948.9
40900,"Sacramento--Roseville--Arden-Arcade, CA (Metropolitan Statistical Area)",70617.1,75879.6,82843.8,88430.9,94471.3,97965.5,99460.9,98548.3,95084.9,94312.3,97496.4,100242.1,104463.4,109222.5,116188.9,121202.4,126352.4
40980,"Saginaw, MI (Metropolitan Statistical Area)",6735.4,6882.8,7131.9,7087.3,7222.6,7358,7150.9,6684.9,6586.2,7089,7284.4,7461.5,7644.1,7756,7881.5,8039.8,8163.4
41060,"St. Cloud, MN (Metropolitan Statistical Area)",5556.7,5874.9,6055.9,6571.2,6887.8,7154.4,7237.8,7452.7,7342.1,7614.4,7865,8258.8,8539.3,9090.3,9311.2,9820.1,10225.9
41100,"St. George, UT (Metropolitan Statistical Area)",2040.2,2190.6,2416.7,2848.1,3264.7,3628.3,3875.1,3614.2,3360.9,3388.2,3597.8,3711.6,3955.2,4238.6,4672.6,5179,5538
41140,"St. Joseph, MO-KS (Metropolitan Statistical Area)",3144.4,3276.1,3425.7,3707.3,3769.9,4126.6,4359.5,4510.8,4674.8,4764.4,4836.6,5311,5609.6,5462.2,5362.3,5476.4,5625.6
41180,"St. Louis, MO-IL (Metropolitan Statistical Area)",103652.1,105960.6,110819.8,115836.7,120888.3,123930.7,128487.2,133243.7,132568,135769.7,137450.1,142184.1,146335.6,150667.4,155377.4,157715.8,161281.2
41420,"Salem, OR (Metropolitan Statistical Area)",9174.7,9458.8,9754.6,10244.5,10699.4,11652.1,11837.8,12506.9,12484.9,12442.4,12464.3,12712.8,13132.2,14069.9,15336.5,16680.2,17332.6
41500,"Salinas, CA (Metropolitan Statistical Area)",13857.4,14545,15833.2,15515.5,16087.2,17037.4,17191.2,17666.1,17808.3,18367.7,18530.6,19241,20559.5,20927.4,22507.9,23185,24095.6
41540,"Salisbury, MD-DE (Metropolitan Statistical Area)",9128.5,9387.3,10230.1,11562.4,12619.4,13677.6,14255.5,13923.8,13832.9,13973.3,13666,13951.6,15130,16266.4,17897,18883.7,19659.5
41620,"Salt Lake City, UT (Metropolitan Statistical Area)",41420.8,42175.3,43477.7,46421.8,50792.3,56643.8,62203.9,61937.6,60564.3,63172.9,67150.3,70113.7,71636.4,75213.6,80643.8,84110.5,87801.5
41660,"San Angelo, TX (Metropolitan Statistical Area)",3030.5,3076.5,3235.8,3349.1,3675.6,3838.2,4057.4,4577.9,4151.8,4319.5,4316.4,4489.9,4828.4,5416.2,5154.4,4990.9,5142.4
41700,"San Antonio-New Braunfels, TX (Metropolitan Statistical Area)",54384.3,56003.7,60176.2,64547.1,68957.3,75953.5,79418.1,83690.3,79363.4,82756.7,87543.7,93330.5,101348.2,110313.2,115019.6,119543.9,129298.3
41740,"San Diego-Carlsbad, CA (Metropolitan Statistical Area)",120432.6,127767,138141.7,154772.2,167617.1,172753.7,177879.6,179112.9,172502.2,175025.7,183311.4,189073.7,198311.6,204914.7,211806.6,222962.7,231845.1
41860,"San Francisco-Oakland-Hayward, CA (Metropolitan Statistical Area)",247057.8,249020.8,255820.1,269144.2,295077.5,316139.9,337631.4,353338.8,331326,330153.6,340757.4,366151.4,385451.5,413026.5,445123.5,475416.6,500710.1
41940,"San Jose-Sunnyvale-Santa Clara, CA (Metropolitan Statistical Area)",128313,119950.4,122367.8,124466.1,132500.3,143205.9,155945.9,156606.7,149924.6,161333.6,172628.4,180995.6,193715.6,210690.2,237831.8,253899.8,275293.5
42020,"San Luis Obispo-Paso Robles-Arroyo Grande, CA (Metropolitan Statistical Area)",7580.5,8455.6,9241.8,10413.2,10483.1,10424.8,11029.8,11066.8,10892.2,11135.8,11413.1,12054.4,13094.5,13412.2,14221.7,14664,15206.6
42100,"Santa Cruz-Watsonville, CA (Metropolitan Statistical Area)",8953.9,9055.8,9117.9,9155.9,9291.3,9669.1,9831.3,10007.7,10287.7,10924.7,10797.8,10850.1,11710.6,12237.8,12846,13040.9,13373.2
42140,"Santa Fe, NM (Metropolitan Statistical Area)",4791.7,5645.7,5295.6,5429.2,5735.3,6338.4,6522,7269.8,6477.9,6735.5,6696.4,6625.8,6974,6733.9,6954.9,6982.1,7255.9
42200,"Santa Maria-Santa Barbara, CA (Metropolitan Statistical Area)",14494.2,15225.6,16106.9,17428.5,18512.6,19070.1,19820.1,20181.7,20459.2,20340.2,21225.9,21900.5,22908.1,23630.5,25207.7,25155,26135
42220,"Santa Rosa, CA (Metropolitan Statistical Area)",17458.7,18233.8,18271.4,18667.2,19488.1,20097,20420,20970.6,20206.3,20456,21162.6,21426.9,22890,24356.7,26531.5,27405.5,28673.1
42340,"Savannah, GA (Metropolitan Statistical Area)",8974.6,9274.6,9702.4,10691.9,11802.5,12846.6,13240.4,13263.4,13261.8,13658.1,13991.9,14828.8,15304.1,16197.2,17052.7,17574.7,18532.5
42540,"Scranton--Wilkes-Barre--Hazleton, PA (Metropolitan Statistical Area)",15796.3,16029.8,16414.7,16997.7,17443.4,18613.2,18705.2,18783.5,19270.4,20077.5,20236.4,20527.9,21871.4,21813.5,22768.8,23170.1,23687.5
42660,"Seattle-Tacoma-Bellevue, WA (Metropolitan Statistical Area)",166674.3,171417.3,176485.1,182721.4,199157.1,215017.6,236507.3,242244.8,237726.3,242488.2,250147.4,267471.9,280291,296027.6,317153.1,334411,356572
42680,"Sebastian-Vero Beach, FL (Metropolitan Statistical Area)",3157.8,3285.5,3532.4,3787.1,4035.2,4258,4695.6,4638.1,4321.7,4108.1,4144.4,4430.8,4417.5,4816.4,5222,5513,5472.4
42700,"Sebring, FL (Metropolitan Statistical Area)",1250.5,1380.2,1487.9,1639.2,1774.7,1956.3,1954.2,1880.5,1876.3,1902,1920.5,1988.6,1975.4,1904.1,1989.8,2017.5,2090.3
43100,"Sheboygan, WI (Metropolitan Statistical Area)",3980,4241.5,4307.1,4607.1,4554.1,4683.7,4870.8,4897.5,5017.9,5016.6,4990.5,5411.2,5513.5,5691.4,6008.3,6465.1,6675.4
43300,"Sherman-Denison, TX (Metropolitan Statistical Area)",2520.4,2566.7,2704.4,2969.9,3086.3,3347.6,3372.3,3430.7,3363.4,3512,3629.8,3714.2,3977.4,3995.3,4178.9,4243.9,4407.3
43340,"Shreveport-Bossier City, LA (Metropolitan Statistical Area)",14254.8,13674.8,14784,15946.2,17886.3,19092.6,19412.2,22535.2,20668.7,23537,21612.3,20867.9,21696.1,22262,21581.2,21300.9,22746.2
43420,"Sierra Vista-Douglas, AZ (Metropolitan Statistical Area)",2460,2588.1,2881.7,3001.4,3275.3,3435,3703.1,3892.1,4204.6,4377.1,4415.4,4202.1,3968.3,3847.4,3877,3886.5,3995.4
43580,"Sioux City, IA-NE-SD (Metropolitan Statistical Area)",5851.5,6033.3,6149.2,6962.4,7262.3,7442,7708.4,8961.5,8949.8,8765,8390.1,8136.7,8695.6,8814.4,9503.6,10113.9,9813.9
43620,"Sioux Falls, SD (Metropolitan Statistical Area)",8498.2,10128.9,10449.1,11181.4,11732.8,12559.4,13691.6,14085.4,13885.8,13806.5,14922.3,15948.5,15919.1,16835.7,17930.2,19015.8,19699.8
43780,"South Bend-Mishawaka, IN-MI (Metropolitan Statistical Area)",9300.2,9795,10314.6,10862.1,11147.7,11639.1,11971.1,11800.6,11126.6,11567,12308.9,12485,12407.6,12882.4,13582.7,13930.4,14224.9
43900,"Spartanburg, SC (Metropolitan Statistical Area)",8775.9,9192.3,9642.3,9854.4,10275.5,11016.2,11416.7,11472.4,10726.1,11593.1,11923.3,12093.8,12547,13346.5,14302.9,15277.6,15990.3
44060,"Spokane-Spokane Valley, WA (Metropolitan Statistical Area)",13375.8,13764.3,14532.4,15449.1,16645.9,17711.2,18918.5,19638.5,19780.2,20413.3,21204,21231.6,21555.1,22519.9,23548.5,24409.7,25497.6
44100,"Springfield, IL (Metropolitan Statistical Area)",7157.5,7459.4,7591.2,7782.9,8136.3,8308.2,8562.1,8554.8,9034.8,9453,9549.4,9542.8,9390.9,9772.9,9984.6,10121.7,10250.4
44140,"Springfield, MA (Metropolitan Statistical Area)",17221.7,17654,18532.6,19214.7,20374.7,20501.1,21307.3,21790.7,21980.7,22471.8,23120.8,24005.2,24688.8,25221.9,26616.4,27232.6,27886.3
44180,"Springfield, MO (Metropolitan Statistical Area)",11106.4,11586.5,12476.3,13391.6,14470.4,16022.8,15923.4,15147.6,15186.3,15244,15504.3,15838,16529.4,17112.6,18212.9,18566.8,19527.8
44220,"Springfield, OH (Metropolitan Statistical Area)",3506.4,3459.9,3400.1,3539.7,3625.8,3795.1,3721.5,3686.1,3570,3630.6,3817.5,3950,4094.6,4198.7,4269.6,4330.5,4531.4
44300,"State College, PA (Metropolitan Statistical Area)",4297.5,4470.7,4645.7,4913.2,5510,5609.3,5765.9,6013.9,6275.8,6588.6,6777.5,7282.8,7836.5,8327.3,8465.3,8657.2,9041
44420,"Staunton-Waynesboro, VA (Metropolitan Statistical Area)",3310.5,3222.3,3308.8,3552.9,3765.6,3826.3,4034.2,4325.3,4727.9,4876.7,4599.4,4389.2,4558.4,4708.1,4931.5,5045.7,5135.8
44700,"Stockton-Lodi, CA (Metropolitan Statistical Area)",15168,16111.8,17405,18709,19656.2,20322.9,20546.1,20472.9,21018.6,21215.7,21260.6,21946.6,22691.8,23268.2,24959.6,26038.7,27089.3
44940,"Sumter, SC (Metropolitan Statistical Area)",2392.6,2507,2613.5,2745.7,2872,3004.4,3075,2992.5,3011.9,3051.1,3191.7,3485.7,3521.8,3603.7,3669.3,3730.9,3871.6
45060,"Syracuse, NY (Metropolitan Statistical Area)",21442,22271.8,22816.5,24179.3,25340,26399.1,27654.7,27677.5,28349.8,29379.4,29391.5,30346.1,30428.3,31209.8,32270.6,33057.7,33633.6
45220,"Tallahassee, FL (Metropolitan Statistical Area)",9969,10331.7,10860.2,11625.7,12049.8,12553.2,13552.1,13488.9,13376.6,13429.7,13434.8,13940.6,14145.5,14434.3,14829.8,15406.7,16164.3
45300,"Tampa-St. Petersburg-Clearwater, FL (Metropolitan Statistical Area)",77813.4,83044,88232.2,95729.6,103909.2,111159.7,115472,113467.9,111176.4,111134.1,112547.4,117710.9,125706.3,127963.4,135569.4,141568.9,146349.4
45460,"Terre Haute, IN (Metropolitan Statistical Area)",4441.7,4662,4942.3,5230.4,5252.1,5568.5,5946.5,6179,6016.1,6326.1,6269.3,6256.8,6418.2,6327.2,6214.6,6319.2,6534.1
45500,"Texarkana, TX-AR (Metropolitan Statistical Area)",3388.5,3528.1,3693,3989.6,4207.8,4424.6,4604.5,4756.6,4882,5068.5,5151.9,5131.9,4876.6,4936.5,5167.5,5294.8,5402.1
45540,"The Villages, FL (Metropolitan Statistical Area)",679.2,756.3,947.9,1019.2,1254.2,1477.2,1604.9,1574.7,1712.5,1868,1973.5,2080.7,2146,2319.2,2428,2641.1,2804.2
45780,"Toledo, OH (Metropolitan Statistical Area)",22351.8,23165.3,23661.2,24537.6,25445.3,26605.9,27049.3,26219.8,26070.4,26891.3,29092.7,29648.8,30542.3,33456.8,32669.9,33128.4,33693.6
45820,"Topeka, KS (Metropolitan Statistical Area)",7282.2,7465.3,7652.6,8315.1,8174.1,8164.7,8714.5,8930.1,9126,9460.6,9548.1,9835.7,9818.6,10034.2,10119.2,10490.8,10654.6
45940,"Trenton, NJ (Metropolitan Statistical Area)",18324,19542.8,20166.7,21016.1,22106.6,23381.6,23655,24655.3,23960,25126,26008.5,30028.6,28719.1,28990.5,29490.5,30300.2,29987.3
46060,"Tucson, AZ (Metropolitan Statistical Area)",25349.9,25565.3,27521.5,27885.2,29841.3,31908,34421.1,35354.1,34035.7,34659.8,34893.9,36720.1,36146.6,36380.5,36480.6,37259.9,39033.8
46140,"Tulsa, OK (Metropolitan Statistical Area)",29204.6,29232,29569.8,34459.6,39007.2,43700.4,47346.2,50312.7,42929,45243.7,53674.3,57469.4,62959.2,69596.2,60542.7,56077.4,57746.8
46220,"Tuscaloosa, AL (Metropolitan Statistical Area)",5419.7,5803.5,6163.7,6929.8,7689.4,7962.7,8642.6,9022.8,8834.1,9576.9,10857.9,10807.4,11210.5,11070.2,11205.1,10785.5,11715.8
46300,"Twin Falls, ID (Metropolitan Statistical Area)",2092.5,2180,2307.2,2534.1,2617.1,2862.4,3120.5,3185.8,3011.9,3204.7,3351,3497.6,3649.7,3838.3,3900.5,4041.2,4212.1
46340,"Tyler, TX (Metropolitan Statistical Area)",6122,6172.2,6539.9,7333.6,8475.9,9309.3,9867.9,12112,10212,11579.7,13473.1,13663.7,15001.1,15527.2,14048.9,13550.6,14409.7
46520,"Urban Honolulu, HI (Metropolitan Statistical Area)",31781.8,33547.7,36229.1,39783.2,42871.8,46226.2,48455.7,49799,48995.8,52173.5,53342,55266.9,57314.7,58955.3,62943.2,64977.1,67495.4
46540,"Utica-Rome, NY (Metropolitan Statistical Area)",7187.8,7448.8,7691.8,8151.7,8604,9084.4,9363.4,9467.3,9678,9986.8,9898.7,10168.9,10309.2,10300.3,10568.1,10840,11070.7
46660,"Valdosta, GA (Metropolitan Statistical Area)",2921.6,3088.8,3289.1,3480.1,3881.1,4021.4,4263.5,4199,4317.1,4459.5,4333.8,4546.2,4529.3,4646.4,4780,4903.2,5115.2
46700,"Vallejo-Fairfield, CA (Metropolitan Statistical Area)",10232.3,10787.2,11775.6,12254.3,13307,13730.7,14374.4,15284.8,15646.9,15497.8,15523.7,18476.1,19669.5,20180.6,20009.2,20389.8,21421.6
47020,"Victoria, TX (Metropolitan Statistical Area)",2574.4,2639.8,2709.8,2917.3,3343.5,3944.5,4063,4515.6,3794.7,4204.3,4384.9,4933,5416.3,5592.4,5171.4,4873.3,5075.6
47220,"Vineland-Bridgeton, NJ (Metropolitan Statistical Area)",3790.4,3934.6,4182.3,4478.4,4820.1,5029.7,5059.1,5285.1,5425.7,5280.7,5228.2,5305.8,5280.9,5458.8,5655.4,5778,5828.1
47260,"Virginia Beach-Norfolk-Newport News, VA-NC (Metropolitan Statistical Area)",56157.9,57557.8,61480.8,65637.8,70888.9,77002.9,81041.2,81145.6,82470.1,82107,83354.5,84485,85414.4,87088,91725.2,92321.3,94855.4
47300,"Visalia-Porterville, CA (Metropolitan Statistical Area)",7869,8090.9,8673.5,9901.5,10643.9,10876.3,12110.4,11981.7,11223.7,12686.6,14057,13187.6,14185.7,15238.3,14948.4,16075,15359.7
47380,"Waco, TX (Metropolitan Statistical Area)",5800.7,6125.7,6631.3,7233.9,7629.9,7943,8125,8450.1,8738.1,9157.4,9207,9744,10294.7,10751.5,11308,11641.3,12223.7
47460,"Walla Walla, WA (Metropolitan Statistical Area)",1603.3,1636.6,1772,1801.9,1887.3,1985.5,2132.3,2284.6,2382.3,2508.2,2615.2,2643.6,2695.4,2642.8,2751.3,2935.4,2906.6
47580,"Warner Robins, GA (Metropolitan Statistical Area)",4053.7,4418.8,4688.4,4899.3,5336.7,5609.3,5899.5,5906.8,6135.9,6323.6,6448.9,6532.3,6537.5,6678.6,6840.1,7045.6,7162.9
47900,"Washington-Arlington-Alexandria, DC-VA-MD-WV (Metropolitan Statistical Area)",270726.6,285946.4,304711,331372.3,355346.7,372606.9,389906.6,402883.1,410671,431290.4,443992.9,454224.2,459268.5,471254.3,491778.5,509598.7,529990.5
47940,"Waterloo-Cedar Falls, IA (Metropolitan Statistical Area)",5161.3,5491.1,5566.9,6399.1,6743.6,6858.4,7348.5,7386,7563.8,7755.7,7790.8,9276.8,8600.8,9060,9361.4,9623.9,10028.5
48060,"Watertown-Fort Drum, NY (Metropolitan Statistical Area)",3404.2,3475.6,3622.6,3900.5,4454.3,5036.8,5262.2,5470.1,5779.3,6234.6,6507.9,6472,6384.3,6319.9,6166.3,5966.1,5941.6
48140,"Wausau, WI (Metropolitan Statistical Area)",4324.8,4516.2,4867.9,5169.8,5469.1,5609.2,5829.4,5833,5740,5937.4,6078.8,6595.9,6790.5,7155.4,7655.7,7943.8,8209.9
48260,"Weirton-Steubenville, WV-OH (Metropolitan Statistical Area)",3052.8,3214,3222.3,3335.1,3591.2,3575.1,3757.2,4032.3,3687.5,3669.6,3857.5,3998.3,4000.7,4319.2,4093.9,4065.9,4223.1
48300,"Wenatchee, WA (Metropolitan Statistical Area)",2543.9,2892.4,2798.2,3059.6,3101.5,3316,3504.3,3665.8,3789,3871.9,4033,4150.8,4161,4306.8,4586.3,4927.2,5280.6
48540,"Wheeling, WV-OH (Metropolitan Statistical Area)",3924.3,4078.4,4295.9,4504.9,4849.9,5119.5,5375.5,5754.6,5915.6,6166.3,6414.6,6856.2,6911.8,7365.4,7212.5,7203.2,8219
48620,"Wichita, KS (Metropolitan Statistical Area)",21064.9,21245.3,21475.9,23952.4,23949.4,26113.2,28419.2,28332,25651.6,28309.1,28841.1,30013.7,28700.2,30165.8,32080.9,33585.8,33840.3
48660,"Wichita Falls, TX (Metropolitan Statistical Area)",4139.9,4286.8,4491.8,4653.8,5109.8,5715.9,6133.9,7572.5,6091.3,6343.1,7112.1,7117,7708,7162.5,6425.2,6142.5,6783.9
48700,"Williamsport, PA (Metropolitan Statistical Area)",3086.4,3087,3215.7,3339.5,3553.9,3701.6,3646.7,3642.5,3699.1,3972.3,4473.2,4727.2,4942.3,5248,4955.9,4759.9,4993.4
48900,"Wilmington, NC (Metropolitan Statistical Area)",6808.8,7106,7345.2,7947.1,9043.3,9795.3,10181.7,10461.7,10524.2,10613.7,11047.9,10851.8,11885.1,12761.6,13484.2,13704.9,14349.8
49020,"Winchester, VA-WV (Metropolitan Statistical Area)",3458.3,3671,3841.2,4162.9,4599.8,4804.5,4738,4594.5,4949.6,5114.3,5262.6,5504,5697.2,5884.5,6294.3,6556.5,6785.1
49180,"Winston-Salem, NC (Metropolitan Statistical Area)",21224.3,21127,22181.5,23468.3,23690.1,24369.2,23645.1,24123.3,24038.2,24937.2,24507.4,24356.5,25129,27179.1,28676.7,28744,29749.4
49340,"Worcester, MA-CT (Metropolitan Statistical Area)",26636.7,27630,29346,29766.6,30698.2,31866.4,32527.4,32950.9,32561.9,34155.2,35625.2,36528.1,37400.2,38150.5,40311.1,42116.6,43749.6
49420,"Yakima, WA (Metropolitan Statistical Area)",5102.9,5372.6,5738.8,6058.8,6296.9,6544.3,7021.8,7431.8,7588,8124.9,8676.2,8766.9,8736.9,9000.1,9071.6,9404.9,9687.3
49620,"York-Hanover, PA (Metropolitan Statistical Area)",11512.8,11832.1,12593.2,13636.8,15127.6,15179.2,16048.2,16912.2,16579.8,16818.1,16532.2,16312.1,17024.7,17274.4,17964.1,18596.8,19382.8
49660,"Youngstown-Warren-Boardman, OH-PA (Metropolitan Statistical Area)",16486.9,17051,17569.6,18357.9,18479.8,19504.4,19204.9,18609.6,16398.1,17503.4,19134.6,19213.3,18870.5,19515,19806.2,19652.4,19755.1
49700,"Yuba City, CA (Metropolitan Statistical Area)",3134.9,3445.3,3674.6,3851,3950.4,4175,4356.6,4661.5,4851.9,4805.2,4957.9,4931.6,5222.9,5368.8,5544.4,5758.6,6024.1
49740,"Yuma, AZ (Metropolitan Statistical Area)",3431.3,3776.2,4004.1,4585.7,4778.4,5098.8,5368.9,5309.1,5208.3,5551.2,5933.7,5669.8,6004.8,5886.8,6357.1,6870.2,7095.4
Legend / Footnotes:,,,,,,,,,,,,,,,,,,
1/ Gross Domestic Product (GDP) is in millions of current dollars (not adjusted for inflation). Industry detail is based on the 2007 North American Industry Classification System (NAICS). Calculations are performed on unrounded data.,,,,,,,,,,,,,,,,,,
"Metropolitan Statistical Areas (MSAs) are defined (geographically delineated) by the Office of Management and Budget bulletin no. 17-01 issued August 15, 2017.",,,,,,,,,,,,,,,,,,
"Last updated: September 18, 2018 -- new statistics for 2017; revised statistics for 2001-2016.",,,,,,,,,,,,,,,,,,